60-001	ul. Ceglana
60-001	ul. Rudnicze
60-001	ul. Wykopy
60-002	ul. Cedzyńska
60-002	ul. Kowalewicka
60-002	ul. Barbary Lerczakówny
60-002	ul. Pobielska
60-002	ul. Radyńska
60-002	ul. Jadwigi Wajsówny
60-002	ul. Wojnowicka
60-003	ul. Krzeszowicka
60-003	ul. Sycowska
60-003	ul. Trzebińska
60-003	ul. Wołczyńska
60-004	ul. Fabianowo
60-004	ul. Głogowska
60-004	ul. Haliny Konopackiej
60-004	ul. Sycowska
60-004	ul. Ustronna
60-004	ul. Jadwigi Wajsówny
60-005	ul. Fabianowo
60-008	ul. Glinianki
60-008	ul. Gruntowa
60-008	ul. Mieleszyńska
60-008	ul. Otwarta
60-008	ul. Stara Cegielnia
60-008	ul. Tyniecka
60-008	ul. Zamiejska
60-009	ul. Kotowo
60-009	ul. Uradzka
60-012	ul. Opłotki
60-012	ul. Przy Autostradzie
60-012	ul. Sąsiedzka
60-012	ul. Uradzka
60-012	ul. Ustronna
60-013	ul. Rojna
60-013	ul. Ruczajowa
60-101	ul. Będlewska
60-101	ul. Chomęcicka
60-101	ul. Głuchowska
60-101	ul. Granowska
60-101	ul. Komornicka
60-101	ul. Konarzewska
60-101	ul. Ptaszkowska
60-101	ul. Rosnowska
60-101	ul. Zamysłowska
60-102	ul. Leszczyńska
60-102	ul. Mikołowska
60-102	ul. Ostatnia
60-102	ul. Pszczyńska
60-102	ul. Śmigielska
60-102	ul. Strykowska
60-102	ul. Szreniawska
60-102	ul. Trzebawska
60-102	ul. Wronczyńska
60-103	ul. Bohaterów Westerplatte
60-103	ul. Gostyńska
60-103	ul. Kościańska
60-103	ul. Leszczyńska
60-103	ul. Osiecka
60-103	ul. Włoszakowicka
60-104	ul. Boczna
60-104	ul. Głogowska
60-104	ul. Józefa Hallera
60-104	ul. Klinkierowa
60-104	ul. Żwirowa
60-105	ul. Kopanina
60-106	ul. Gęsia
60-106	ul. Giżycka
60-106	ul. Kacza
60-106	ul. Odległa
60-106	ul. Skrajna
60-106	ul. Sobotecka
60-106	ul. Torfowa
60-106	ul. Żabia
60-107	ul. Górnicza
60-108	ul. Milicka
60-111	ul. Czempińska
60-111	ul. Głogowska
60-111	ul. Karpicka
60-111	ul. Rakoniewicka
60-111	ul. Stęszewska
60-111	ul. Sulmierzycka
60-112	ul. Kościańska
60-112	ul. Obrzańska
60-113	ul. Bojanowska
60-113	ul. Głazowa
60-113	ul. Piargowa
60-113	ul. Rawicka
60-113	ul. Reglowa
60-113	ul. Skalna
60-113	ul. Śmiełowska
60-114	ul. Krzywińska
60-114	ul. Obrzańska
60-114	ul. Śmiełowska
60-114	ul. Szubińska
60-115	ul. Bohaterów Westerplatte
60-115	ul. Jaskiniowa
60-115	ul. Kępińska
60-115	ul. Leszczyńska
60-115	ul. Na Uboczu
60-115	ul. Poniecka
60-115	ul. Przełęcz
60-115	ul. Żlebowa
60-116	ul. Czechosłowacka
60-116	ul. Głazowa
60-116	ul. Graniowa
60-116	ul. Przełęcz
60-116	ul. Turniowa
60-118	ul. Krzywa
60-118	ul. Metalowa
60-118	ul. Miedziana
60-118	pl. Zbawiciela
60-119	ul. Antoniego Andrzejewskiego
60-121	ul. Głogowska
60-121	ul. Słowicza
60-122	ul. Ostrobramska
60-122	ul. Węglowa
60-122	ul. Zgoda
60-123	ul. Albańska
60-123	ul. Częstochowska
60-123	ul. Słowicza
60-124	ul. Daleka
60-124	ul. Romana Dmowskiego
60-124	ul. Krzywa
60-125	ul. Bosa
60-125	ul. Myśliwska
60-126	ul. Bosa
60-126	ul. Daleka
60-126	ul. Głogowska
60-126	ul. Stanisława Knapowskiego
60-128	ul. Piotra Ściegiennego
60-128	ul. Piotra Skargi
60-128	ul. Zgoda
60-129	ul. Kazimierza Jarochowskiego
60-129	ul. Sielska
60-129	ul. Piotra Skargi
60-129	ul. Zgoda
60-131	ul. Kazimierza Jarochowskiego
60-131	ul. Augustyna Kordeckiego
60-131	ul. Pogodna
60-132	ul. Działkowa
60-132	ul. Górczyńska
60-132	ul. Zamknięta
60-133	ul. Brzeźnicka
60-133	ul. Rynarzewska
60-134	ul. Albańska
60-134	ul. Adama Logi
60-135	ul. Raszyńska
60-135	ul. Rembertowska
60-136	ul. Kłuszyńska
60-136	ul. Piotra Ściegiennego
60-137	ul. Pogodna
60-138	ul. Świętogórska
60-139	ul. Orszańska
60-139	ul. Piotra Ściegiennego
60-139	ul. Trębacka
60-141	ul. Promienista
60-142	ul. Promienista
60-143	ul. Kargowska
60-143	ul. Podchorążych
60-143	ul. Rembertowska
60-144	ul. Augustyna Kordeckiego
60-147	ul. Piotra Ściegiennego
60-147	ul. Edmunda Taczanowskiego
60-148	ul. Słoneczna
60-148	ul. Piotra Wysockiego
60-149	ul. Gwiaździsta
60-149	ul. Jugosłowiańska
60-149	ul. Kadecka
60-151	ul. Racławicka
60-151	ul. Świetlana
60-152	ul. Junacka
60-153	ul. Listopadowa
60-157	ul. Promienista
60-158	ul. Jana Keplera
60-159	ul. Galileusza
60-161	ul. Babimojska
60-161	ul. Bełchatowska
60-161	ul. Jawornicka
60-161	ul. Mrągowska
60-161	ul. Izaaka Newtona
60-161	ul. Smardzewska
60-161	ul. Sobotecka
60-161	ul. Wołowska
60-162	ul. Dobrodzieńska
60-162	ul. Krośnieńska
60-162	ul. Międzyborska
60-162	ul. Odolanowska
60-162	ul. Pogorzelska
60-162	ul. Przepiórcza
60-162	ul. Raszkowska
60-162	ul. Świebodzińska
60-162	ul. Szadecka
60-163	ul. Grabowska
60-163	ul. Gubińska
60-163	ul. Junikowska
60-163	ul. Krapkowicka
60-163	ul. Mikstacka
60-163	ul. Ostrzeszowska
60-163	ul. Sieradzka
60-164	ul. Kamienicka
60-164	ul. Prośnicka
60-164	ul. Wschowska
60-164	ul. Ziębicka
60-164	ul. Żywocicka
60-166	ul. Grunwaldzka
60-166	ul. Jutrosińska
60-166	ul. Namysłowska
60-166	ul. Wieruszowska
60-166	ul. Ząbkowicka
60-167	ul. Krzepicka
60-167	ul. Legnicka
60-167	ul. Oleśnicka
60-167	ul. Wołczyńska
60-167	ul. Wołowska
60-167	ul. Żagańska
60-168	ul. Oławska
60-168	ul. Opawska
60-168	ul. Rybnicka
60-168	ul. Woźnicka
60-169	ul. Grunwaldzka
60-169	ul. Krobska
60-169	ul. Miśnieńska
60-169	ul. Strzelińska
60-169	ul. Twardogórska
60-171	ul. Nowosolska
60-171	ul. Paczkowska
60-171	ul. Świdnicka
60-171	ul. Żmigrodzka
60-173	ul. Grunwaldzka
60-174	ul. Kiemliczów
60-175	ul. Astrowa
60-175	ul. Begoniowa
60-175	ul. Bratkowa
60-175	ul. Chryzantemowa
60-175	ul. Cyniowa
60-175	ul. Daliowa
60-175	ul. Floksowa
60-175	ul. Forsycjowa
60-175	ul. Frezjowa
60-175	ul. Gerberowa
60-175	ul. Gladiolowa
60-175	ul. Goździkowa
60-175	ul. Hiacyntowa
60-175	ul. Irysowa
60-175	ul. Kaczeńcowa
60-175	ul. Kaliowa
60-175	ul. Krokusowa
60-175	ul. Lawendowa
60-175	ul. Lewkoniowa
60-175	ul. Lotosowa
60-175	ul. Łubinowa
60-175	ul. Maciejkowa
60-175	ul. Macierzankowa
60-175	ul. Magnoliowa
60-175	ul. Malwowa
60-175	ul. Margaretkowa
60-175	ul. Nagietkowa
60-175	ul. Narcyzowa
60-175	ul. Nasturcjowa
60-175	ul. Petuniowa
60-175	ul. Pierwiosnkowa
60-175	ul. Piwoniowa
60-175	ul. Przebiśniegowa
60-175	ul. Przylaszczkowa
60-175	ul. Różyczkowa
60-175	ul. Sasankowa
60-175	ul. Stokrotkowa
60-175	ul. Storczykowa
60-175	ul. Szarotkowa
60-175	ul. Tulipanowa
60-175	ul. Zawilcowa
60-175	ul. Żonkilowa
60-176	ul. Cmentarna
60-176	ul. Grotkowska
60-176	ul. Małoszyńska
60-176	ul. Rzepińska
60-177	ul. Franciszka Adamanisa
60-177	ul. Oleńki Billewiczówny
60-177	ul. Kazimierza Brossa
60-177	ul. Józwy Butryma
60-177	ul. Czesława Gerwela
60-177	ul. Józefa Edwarda Grobelnego
60-177	ul. Hajduczka
60-177	ul. Ketlinga
60-177	ul. Kmicica
60-177	ul. Rocha Kowalskiego
60-177	ul. Heleny Kurcewiczówny
60-177	ul. Longinusa Podbipięty
60-177	ul. Stefana Różyckiego
60-177	ul. Ścinawska
60-177	ul. Jana Skrzetuskiego
60-177	ul. Soroki
60-177	ul. Ireneusza Wierzejewskiego
60-177	ul. Michała Wołodyjowskiego
60-177	ul. Onufrego Zagłoby
60-177	ul. Ignacego Zielewicza
60-178	ul. Dziewińska
60-178	ul. Laudańska
60-178	ul. Ścinawska
60-178	ul. Srebrna
60-179	ul. Braniborska
60-179	ul. Budziszyńska
60-179	ul. Grunwaldzka
60-179	ul. Jeleniogórska
60-179	ul. Kamiennogórska
60-179	ul. Mariana Smoluchowskiego
60-179	pl. Światowida
60-182	ul. Bobolicka
60-182	ul. Dobiegniewska
60-182	ul. Gorzowska
60-182	ul. Ławica
60-182	ul. Łobeska
60-182	ul. Mirosławiecka
60-182	ul. Perłowska
60-182	ul. Perzycka
60-182	ul. Witnicka
60-182	ul. Złocieniecka
60-183	ul. Głowicka
60-183	ul. Lubniewicka
60-183	ul. Owcza
60-183	ul. Sławińska
60-183	ul. Witnicka
60-184	ul. Stefana Jaracza
60-184	ul. Miastkowska
60-184	ul. Heleny Modrzejewskiej
60-184	ul. Juliusza Osterwy
60-184	ul. Perzycka
60-184	ul. Wincentego Rapackiego
60-184	ul. Rezedowa
60-184	ul. Franciszka Rylla
60-184	ul. Ludwika Solskiego
60-184	ul. Nuny i Bolesława Szczurkiewiczów
60-184	ul. Wyszomierska
60-184	ul. Złocieniecka
60-184	ul. Złotowska
60-186	ul. Barlinecka
60-186	ul. Grąbczowska
60-186	ul. Ławica
60-186	ul. Moryńska
60-186	ul. Odrzycka
60-187	ul. Barlinecka
60-187	ul. Oskierki
60-187	ul. Pozdawnicka
60-187	ul. Sadnicka
60-187	ul. Templińska
60-188	ul. Boczowska
60-188	ul. Malechowska
60-188	ul. Wyszeborska
60-189	ul. Bukowska
60-189	ul. Makowej Panienki
60-189	ul. Przytoczna
60-189	ul. Roztocka
60-189	ul. Templińska
60-189	ul. Złotowska
60-192	ul. Barwicka
60-192	ul. Gryfińska
60-192	ul. Okonecka
60-192	ul. Szczecińska
60-193	ul. Christiana Andersena
60-193	ul. Baśniowa
60-193	ul. Wilhelma Grimma
60-193	ul. Guliwera
60-193	ul. Kopciuszka
60-193	ul. Krasnoludków
60-193	ul. Królewny Śnieżki
60-193	ul. Leśnych Skrzatów
60-193	ul. Makowej Panienki
60-193	ul. Misia Uszatka
60-193	ul. Pana Kleksa
60-193	ul. Pana Twardowskiego
60-193	ul. Sierotki Marysi
60-193	ul. Wieczorynki
60-194	ul. Krzysztofa Kamila Baczyńskiego
60-194	ul. Wojciecha Bąka
60-194	ul. Stefana Balickiego
60-194	ul. Barwicka
60-194	ul. Stanisława Czernika
60-194	ul. Konstantego Ildefonsa Gałczyńskiego
60-194	ul. Zenona Kosidowskiego
60-194	ul. Bolesława Leśmiana
60-194	ul. Leopolda Staffa
60-194	ul. Strzegomska
60-194	ul. Artura Marii Swinarskiego
60-194	ul. Jana Sztaudyngera
60-194	ul. Romana Wilkanowicza
60-194	ul. Wyszomierska
60-195	ul. Władysława Bełzy
60-195	ul. Boruty
60-195	ul. Jana Brzechwy
60-195	ul. Ezopa
60-195	ul. Fedrusa
60-195	ul. Stanisława Jachowicza
60-195	ul. Janosika
60-195	ul. Hanny Januszewskiej
60-195	ul. Iwana Kryłowa
60-195	ul. Lisa Witalisa
60-195	ul. Jana Maklakiewicza
60-195	ul. Kornela Makuszyńskiego
60-195	ul. Artura Oppmana
60-195	ul. Janiny Porazińskiej
60-195	ul. Rokity
60-195	ul. Rumcajsa
60-195	ul. Smoka Wawelskiego
60-195	ul. Szeherezady
60-195	ul. Juliana Tuwima
60-195	ul. Złotej Kaczki
60-196	ul. Bukowska
60-197	ul. Bukowska
60-198	ul. Jasna
60-198	ul. Wałbrzyska
60-198	ul. Zgorzelecka
60-201	ul. Dwatory
60-201	ul. Górecka
60-201	ul. Józefa Wrońskiego
60-202	ul. Jakuba Krauthofera
60-203	ul. Drobna
60-203	ul. Górki
60-203	ul. Jakuba Krauthofera
60-204	ul. Romana Dmowskiego
60-204	ul. Drobna
60-204	ul. Górki
60-204	ul. Jakuba Krauthofera
60-205	ul. Głogowska
60-206	ul. Głogowska
60-206	ul. Jakuba Krauthofera
60-208	ul. Załęże
60-209	ul. Wojciecha Bogusławskiego
60-209	ul. Dwatory
60-209	ul. Gustawa Potworowskiego
60-211	ul. Klaudyny Potockiej
60-212	ul. Gustawa Potworowskiego
60-213	ul. Floriana Stablewskiego
60-214	ul. Wojciecha Bogusławskiego
60-215	ul. Emilii Sczanieckiej
60-216	ul. Emilii Sczanieckiej
60-218	ul. Hetmańska
60-219	ul. Hetmańska
60-221	ul. Romana Dmowskiego
60-222	ul. Romana Dmowskiego
60-223	ul. Gustawa Potworowskiego
60-223	ul. Floriana Stablewskiego
60-224	ul. Chłodna
60-224	ul. Floriana Stablewskiego
60-225	ul. Lodowa
60-226	ul. Lodowa
60-227	ul. Lodowa
60-228	ul. Andrzeja i Władysława Niegolewskich
60-229	ul. Andrzeja i Władysława Niegolewskich
60-231	ul. Bolesława Limanowskiego
60-231	ul. Andrzeja i Władysława Niegolewskich
60-232	ul. Andrzeja i Władysława Niegolewskich
60-233	ul. Andrzeja i Władysława Niegolewskich
60-234	ul. Andrzeja i Władysława Niegolewskich
60-235	ul. Kazimierza Jarochowskiego
60-236	ul. Marcina Kasprzaka
60-237	ul. Marcina Kasprzaka
60-238	ul. Kazimierza Jarochowskiego
60-239	ul. Kazimierza Jarochowskiego
60-239	ul. Franciszka Morawskiego
60-241	ul. Kosynierska
60-241	ul. Kuźnicza
60-241	ul. Macieja Palacza
60-242	ul. Macieja Palacza
60-243	ul. Głogowska
60-244	ul. Głogowska
60-245	ul. Marcina Kasprzaka
60-246	ul. Kazimierza Jarochowskiego
60-246	ul. Błażeja Winklera
60-247	ul. Wojciecha Cybulskiego
60-247	ul. Władysława Nehringa
60-248	ul. Kazimierza Jarochowskiego
60-251	ul. Hetmańska
60-252	ul. Hetmańska
60-253	ul. Hetmańska
60-254	ul. Hetmańska
60-254	ul. Szymborska
60-255	ul. Józefa Chociszewskiego
60-256	ul. Józefa Chociszewskiego
60-257	ul. Józefa Chociszewskiego
60-258	ul. Józefa Chociszewskiego
60-259	ul. Józefa Chociszewskiego
60-261	ul. Józefa Chociszewskiego
60-262	ul. Głogowska
60-263	ul. Głogowska
60-264	ul. Głogowska
60-265	ul. Głogowska
60-266	ul. Głogowska
60-267	ul. Krzysztofa Arciszewskiego
60-267	ul. Józefa Rogalińskiego
60-268	ul. Krzysztofa Arciszewskiego
60-269	ul. Krzysztofa Arciszewskiego
60-271	ul. Krzysztofa Arciszewskiego
60-272	ul. Adama Biedrzyckiego
60-273	ul. Macieja Palacza
60-273	ul. Zdziechowska
60-274	ul. Macieja Palacza
60-274	ul. Strzecha
60-275	ul. Belwederska
60-275	ul. Pogodna
60-275	ul. Strzecha
60-275	ul. Tęczowa
60-276	ul. Promienista
60-277	ul. Grochowska
60-277	ul. Płowiecka
60-278	ul. Heweliusza
60-278	ul. Macieja Palacza
60-279	ul. Macieja Palacza
60-281	ul. Heweliusza
60-281	ul. Konfederacka
60-281	ul. Księżycowa
60-282	ul. Józefa Sowińskiego
60-283	ul. Józefa Sowińskiego
60-284	ul. Poświata
60-284	ul. Józefa Sowińskiego
60-286	ul. Słoneczna
60-286	ul. Józefa Sowińskiego
60-287	ul. Belwederska
60-287	ul. Strzecha
60-287	ul. Tęczowa
60-288	ul. Berestecka
60-288	ul. Kirchholmska
60-288	ul. Obronna
60-288	ul. Promienista
60-289	ul. Obozowa
60-289	ul. Orężna
60-289	ul. Promienista
60-301	ul. Bolkowicka
60-301	ul. Jugosłowiańska
60-302	ul. Racławicka
60-302	ul. Wawerska
60-303	ul. Olszynka
60-304	ul. Piotra Ściegiennego
60-306	ul. Wolska
60-307	ul. Grunwaldzka
60-308	ul. Grunwaldzka
60-309	ul. Grunwaldzka
60-311	ul. Grunwaldzka
60-312	ul. Grunwaldzka
60-313	ul. Grunwaldzka
60-316	ul. Kasztelańska
60-317	ul. Marszałkowska
60-318	ul. Byczyńska
60-318	ul. Rumuńska
60-318	ul. Władysława Węgorka
60-319	ul. Ptasia
60-320	ul. Bułgarska
60-321	ul. Bułgarska
60-321	ul. Świerzawska
60-322	ul. Grunwaldzka
60-323	ul. Marcelińska
60-324	ul. Marcelińska
60-325	ul. Trybunalska
60-326	ul. Podkomorska
60-326	ul. Senatorska
60-327	ul. Kanclerska
60-327	ul. Marszałkowska
60-328	ul. Podstolińska
60-329	ul. Cześnikowska
60-330	ul. Cześnikowska
60-331	ul. Husarska
60-332	ul. Grochowska
60-334	ul. Franciszka Lubeckiego
60-334	ul. Pawła Włodkowica
60-335	ul. Grochowska
60-336	ul. Grochowska
60-337	ul. Grochowska
60-338	ul. Marcelińska
60-338	ul. Poranek
60-339	ul. Grochowska
60-341	ul. Marcelińska
60-343	ul. Rycerska
60-344	ul. Rycerska
60-345	ul. Rycerska
60-346	ul. Rycerska
60-347	ul. Rycerska
60-348	ul. Franciszka Lubeckiego
60-348	ul. Fryderyka Skarbka
60-349	ul. Jana Ostroroga
60-351	ul. Zakręt
60-352	ul. Grunwaldzka
60-354	ul. Marcelińska
60-355	ul. Stanisława Przybyszewskiego
60-356	ul. Stanisława Przybyszewskiego
60-357	ul. Stanisława Przybyszewskiego
60-358	ul. Opalenicka
60-359	ul. Zbąszyńska
60-361	ul. Wolsztyńska
60-362	ul. Opalenicka
60-363	ul. Grodziska
60-365	ul. Szamotulska
60-366	ul. Szamotulska
60-367	ul. Sierakowska
60-368	ul. Nowotomyska
60-369	ul. Brzask
60-369	ul. Mgielna
60-369	ul. Zorza
60-371	ul. Międzychodzka
60-373	ul. Jutrzenka
60-374	ul. Jesienna
60-375	ul. Świt
60-375	ul. Szronowa
60-376	ul. Świt
60-378	ul. Bułgarska
60-378	ul. Kolorowa
60-379	ul. Bułgarska
60-381	ul. Bułgarska
60-382	ul. Bułgarska
60-383	ul. Bułgarska
60-384	ul. Bułgarska
60-385	ul. Ognik
60-386	ul. Ognik
60-387	ul. Modra
60-388	ul. Modra
60-389	ul. Swoboda
60-391	ul. Swoboda
60-392	ul. Płomienna
60-393	ul. Promyk
60-394	ul. Płomienna
60-395	ul. Promyk
60-396	ul. Bukowska
60-397	ul. Bukowska
60-398	ul. Bukowska
60-398	ul. Swoboda
60-401	ul. Bystrzycka
60-401	ul. Narewska
60-401	ul. Nowina
60-401	ul. Pilicka
60-401	ul. Polska
60-401	ul. Prądnicka
60-401	ul. Wiślana
60-401	ul. Żarnowiecka
60-406	ul. Biebrzańska
60-406	ul. Bużańska
60-406	ul. Jana Henryka Dąbrowskiego
60-406	os. Lotnictwa Polskiego
60-406	ul. Nidziańska
60-406	ul. Wisłocka
60-407	ul. Balonowa
60-407	ul. Zbigniewa Burzyńskiego
60-407	ul. Dedala
60-407	ul. Ikara
60-407	ul. Latawcowa
60-408	ul. 5 Stycznia
60-408	ul. Bohdana Arcta
60-408	ul. Jerzego Bajana
60-408	ul. Stefana Drzewieckiego
60-408	ul. Adama Haber-Włyńskiego
60-408	ul. Franciszka Hynka
60-408	ul. Ludwika Idzikowskiego
60-408	ul. Antoniego Kocjana
60-408	ul. Stanisława Latwisa
60-408	ul. Janusza Meissnera
60-408	ul. Jana Nagórskiego
60-408	ul. Pilotów
60-408	ul. Przelot
60-408	ul. Stanisława Skarżyńskiego
60-408	ul. Startowa
60-408	ul. Sterowa
60-408	ul. Kazimierza Szałasa
60-408	ul. Szybowcowa
60-408	ul. Czesława Tańskiego
60-408	ul. Pawła Zołotowa
60-409	ul. Hangarowa
60-409	ul. Mieczysława Palucha
60-409	ul. Pilotów
60-409	ul. Stanisława Wigury
60-409	ul. Franciszka Żwirki
60-411	ul. Andrzeja Kopy
60-411	ul. Spadochronowa
60-411	ul. Wzlotowa
60-412	ul. Dniestrzańska
60-412	ul. Niemeńska
60-412	ul. Notecka
60-412	ul. Olzańska
60-412	ul. Popradzka
60-412	ul. Żuławska
60-413	ul. Jana Henryka Dąbrowskiego
60-413	ul. Dunajecka
60-413	ul. Lednicka
60-413	ul. Sytkowska
60-413	ul. Tatrzańska
60-415	ul. Czarnkowska
60-415	ul. Czarnohorska
60-415	ul. Halna
60-415	ul. Karkonoska
60-415	ul. Karpacka
60-415	ul. Łomnicka
60-415	ul. Lutycka
60-415	ul. Piławska
60-416	ul. Beskidzka
60-416	ul. Białogardzka
60-416	ul. Bieszczady
60-416	ul. Biskupińska
60-416	ul. Olsztyńska
60-416	ul. Podgajska
60-418	ul. Białośliwska
60-418	ul. Chodzieska
60-418	ul. Kołobrzeska
60-418	ul. Wolińska
60-419	ul. Budzyńska
60-419	ul. Jana Henryka Dąbrowskiego
60-419	ul. Rogozińska
60-421	ul. Lotnicza
60-425	ul. Jana Henryka Dąbrowskiego
60-425	ul. Łobżenicka
60-425	ul. Margonińska
60-425	ul. Wyrzyska
60-427	ul. Gorajska
60-427	ul. Mrowińska
60-427	ul. Prusimska
60-427	ul. Przybrodzka
60-427	ul. Przytoczna
60-427	ul. Wituchowska
60-431	ul. Lęborska
60-431	ul. Santocka
60-431	ul. Sianowska
60-432	ul. Maszewska
60-432	ul. Myśliborska
60-432	ul. Santocka
60-432	ul. Trzebiatowska
60-433	ul. Brodnicka
60-433	ul. Lubowska
60-433	ul. Mazurska
60-433	ul. Zagórzycka
60-434	ul. Bartoszycka
60-434	ul. Czaplinecka
60-434	ul. Człuchowska
60-434	ul. Polanowska
60-434	ul. Trzcianecka
60-438	ul. Karlińska
60-438	ul. Łupowska
60-438	ul. Nowokramska
60-438	ul. Połczyńska
60-438	ul. Suliszewska
60-439	ul. Lemierzycka
60-439	ul. Lubiatowska
60-439	ul. Sułowska
60-441	ul. Ownicka
60-442	ul. Ownicka
60-443	ul. Muszkowska
60-443	ul. Owczarska
60-443	ul. Rybojadzka
60-446	ul. Cetniewska
60-446	ul. Czerska
60-446	ul. Grudziądzka
60-446	ul. Karsińska
60-446	ul. Kościerzyńska
60-446	ul. Mrzeżyńska
60-446	ul. Pelplińska
60-446	ul. Pniewska
60-446	ul. Sępoleńska
60-446	ul. Skarszewska
60-446	ul. Starogardzka
60-446	ul. Tucholska
60-446	ul. Wejherowska
60-447	ul. Architektów
60-447	ul. Czechowska
60-447	ul. Drogowców
60-447	ul. Geodetów
60-447	ul. Meliorantów
60-447	ul. Wejherowska
60-449	ul. Wichrowa
60-451	ul. Charzykowska
60-451	ul. Jana Henryka Dąbrowskiego
60-451	ul. Wejherowska
60-452	ul. Darłowska
60-452	ul. Łagowska
60-452	ul. Leśnowolska
60-453	ul. Człopska
60-453	ul. Dziwnowska
60-453	ul. Gorzyńska
60-453	ul. Kwidzyńska
60-453	ul. Malborska
60-453	ul. Sianowska
60-453	ul. Warpnowska
60-454	ul. Braniewska
60-454	ul. Elbląska
60-454	ul. Fromborska
60-454	ul. Gniewska
60-454	ul. Lęborska
60-454	ul. Lubowska
60-454	ul. Oliwska
60-454	ul. Ornecka
60-454	ul. Pasłęcka
60-454	ul. Polanowska
60-454	ul. Pucka
60-454	ul. Świecka
60-454	ul. Tczewska
60-454	ul. Trzebiatowska
60-456	ul. Dziwnowska
60-456	ul. Kociewska
60-456	ul. Łagowska
60-456	ul. Łebska
60-456	ul. Międzyzdrojska
60-456	ul. Wirska
60-456	ul. Żukowska
60-457	ul. Letniskowa
60-457	ul. Nad Miedzą
60-457	ul. Przygraniczna
60-458	ul. Białoborska
60-458	ul. Charzykowska
60-458	ul. Izbicka
60-458	ul. Nad Jeziorem
60-458	ul. Olecka
60-458	ul. Słupska
60-458	ul. Warpnowska
60-461	ul. Ajschylosa
60-461	ul. Arystofanesa
60-461	ul. Michała Bałuckiego
60-461	ul. Honoriusza Balzaka
60-461	ul. Barczewska
60-461	ul. Tadeusza Boya-Żeleńskiego
60-461	ul. Michaiła Bułhakowa
60-461	ul. Iwana Bunina
60-461	ul. Karola Bunscha
60-461	ul. Antona Czechowa
60-461	ul. Dobromiejska
60-461	ul. Stanisława Dygata
60-461	ul. Epicka
60-461	ul. Eurypidesa
60-461	ul. Arkadego Fiedlera
60-461	ul. Augusta Emila Fieldorfa
60-461	ul. Tadeusza Gajcego
60-461	ul. Johanna Wolfganga Goethego
60-461	ul. Nikołaja Gogola
60-461	ul. Poli Gojawiczyńskiej
60-461	ul. Gołdapska
60-461	ul. Antoniego Gołubiewa
60-461	ul. Witolda Gombrowicza
60-461	ul. Grajewska
60-461	ul. Stanisława Grochowiaka
60-461	ul. Zbigniewa Herberta
60-461	ul. Gustawa Herlinga-Grudzińskiego
60-461	ul. Hezjoda
60-461	ul. Marka Hłaski
60-461	ul. Homera
60-461	ul. Horacego
60-461	ul. Karola Irzykowskiego
60-461	ul. Jarosława Iwaszkiewicza
60-461	ul. Mieczysława Jastruna
60-461	ul. Jeziorańska
60-461	ul. Jerzego Jurandota
60-461	ul. Juwenalisa
60-461	ul. Jana Kasprowicza
60-461	ul. Stefana Kisielewskiego
60-461	ul. Krajenecka
60-461	ul. Zygmunta Kubiaka
60-461	ul. Marii Kuncewiczowej
60-461	ul. Stanisława Lema
60-461	ul. Michaiła Lermontowa
60-461	ul. Lidzbarska
60-461	ul. Liryczna
60-461	ul. Literacka
60-461	ul. Lukrecjusza
60-461	ul. Jadwigi Łuszczewskiej
60-461	ul. Gustawa Macewicza
60-461	ul. Hanny Malewskiej
60-461	ul. Mikołajecka
60-461	ul. Czesława Miłosza
60-461	ul. Mławska
60-461	ul. Moliera
60-461	ul. Kazimierza Nieżychowskiego
60-461	ul. Ostródzka
60-461	ul. Ostrołęcka
60-461	ul. Owidiusza
60-461	ul. Jana Parandowskiego
60-461	ul. Teodora Parnickiego
60-461	ul. Eugeniusza Paukszty
60-461	ul. Marii Pawlikowskiej - Jasnorzewskiej
60-461	ul. Witolda Pileckiego
60-461	ul. Plauta
60-461	ul. Haliny Poświatowskiej
60-461	ul. Leszka Proroka
60-461	ul. Przasnyska
60-461	ul. Aleksandra Puszkina
60-461	ul. Radlińska
60-461	ul. Mieczysława Rawicz-Mysłowskiego
60-461	ul. Stanisława Rostworowskiego
60-461	ul. Wincentego Różańskiego
60-461	ul. Rypińska
60-461	ul. Safony
60-461	ul. Seneki
60-461	ul. Sofoklesa
60-461	al. Edwarda Stachury
60-461	ul. Suwalska
60-461	ul. Ewy Szelburg-Zarembiny
60-461	ul. Janusza Szpotańskiego
60-461	ul. Teokryta
60-461	ul. Lwa Tołstoja
60-461	ul. Iwana Turgieniewa
60-461	ul. ks. Jana Twardowskiego
60-461	ul. Leopolda Tyrmanda
60-461	ul. Wałecka
60-461	ul. Melchiora Wańkowicza
60-461	ul. Wergiliusza
60-461	ul. Gabrieli Zapolskiej
60-461	ul. Narcyzy Żmichowskiej
60-461	ul. Emila Zoli
60-461	ul. Żuromińska
60-461	ul. Józefa Żymierskiego
60-462	ul. Augusta Cieszkowskiego
60-462	ul. Anny Danysz
60-462	ul. Aleksandry Karpińskiej
60-462	ul. Urszuli Ledóchowskiej
60-462	ul. Floriana Marciniaka
60-462	ul. Leona Prauzińskiego
60-462	ul. Marii i Celestyna Rydlewskich
60-462	ul. Synów Pułku
60-462	ul. Szarych Szeregów
60-463	ul. Biskupińska
60-464	ul. Kosowska
60-464	ul. Kowarska
60-464	ul. Kudowska
60-464	ul. Lądecka
60-464	ul. Morszyńska
60-464	ul. Świeradowska
60-464	ul. Węgorzewska
60-465	ul. Gertrudy Konatkowskiej
60-465	ul. Jana Koźmiana
60-465	ul. Janiny Omańkowskiej
60-465	ul. Edwarda Raczyńskiego
60-465	ul. Józefa Rivolego
60-465	ul. Marcina Rożka
60-465	ul. Heleny Rzepeckiej
60-465	ul. Zofii Sokolnickiej
60-465	ul. Straży Ludowej
60-465	ul. Anieli Tułodzieckiej
60-465	ul. Marii Wicherkiewicz
60-465	ul. Wietrzykowskich
60-465	ul. Zygmunta Zaleskiego
60-466	ul. Rewalska
60-466	ul. Węgorzewska
60-466	ul. Żegiestowska
60-467	ul. Zakopiańska
60-468	ul. Jarocińska
60-468	ul. Łódzka
60-468	ul. Rzeszowska
60-468	ul. Żnińska
60-469	ul. Białczańska
60-469	ul. Limanowska
60-469	ul. Nikodema Pajzderskiego
60-471	ul. Dusznicka
60-471	ul. Kartuska
60-471	ul. Muszyńska
60-471	ul. Nałęczowska
60-471	ul. Polanicka
60-471	ul. Szczawnicka
60-471	ul. Tylicka
60-472	ul. Cieplicka
60-472	ul. Jastarnicka
60-472	ul. Nałęczowska
60-472	ul. Poronińska
60-472	ul. Raciborska
60-472	ul. Tyska
60-473	ul. Biecka
60-473	ul. Ciechocińska
60-473	ul. Iwonicka
60-473	ul. Krynicka
60-473	ul. Lubieńska
60-473	ul. Lubomierska
60-473	ul. Niepołomicka
60-473	ul. Sopocka
60-473	ul. Szaflarska
60-474	ul. Chochołowska
60-474	ul. Czorsztyńska
60-474	ul. Lubieńska
60-474	ul. Międzyleska
60-474	ul. Rabczańska
60-474	ul. Zakopiańska
60-475	ul. Ignacego Kaczmarka
60-475	ul. Bibianny Moraczewskiej
60-475	ul. Janiny Omańkowskiej
60-475	ul. Jana Rakowicza
60-475	ul. Julii i Antoniego Wojkowskich
60-475	ul. Janiny i Jana Żniniewiczów
60-476	ul. Buska
60-476	ul. Druskienicka
60-476	ul. Dukielska
60-476	ul. Jasielska
60-476	ul. Karwieńska
60-476	ul. Rabczańska
60-478	ul. Lutycka
60-478	ul. Truskawiecka
60-479	ul. Białczańska
60-479	ul. Juraszów
60-479	ul. Strzeszyńska
60-479	ul. Sucholeska
60-480	ul. Admiralska
60-480	ul. Altanowa
60-480	ul. Biwakowa
60-480	ul. Bojerowa
60-480	ul. Bosmańska
60-480	ul. Chojnicka
60-480	ul. Dolne Chyby
60-480	ul. Fregatowa
60-480	ul. Jachtowa
60-480	ul. Kajakowa
60-480	ul. Kąpielowa
60-480	ul. Kapitańska
60-480	ul. Karawelowa
60-480	ul. Kierska
60-480	ul. Komandorska
60-480	ul. Korwetowa
60-480	ul. Koszalińska
60-480	ul. Łagiewnicka
60-480	ul. Liliowa
60-480	ul. Marynarska
60-480	ul. Morska
60-480	ul. Nad Jeziorem
60-480	ul. Nawigacyjna
60-480	ul. ks. Edwarda Nawrota
60-480	ul. Okrętowa
60-480	ul. Pawłowicka
60-480	ul. PGR Wielkie
60-480	ul. Podjazdowa
60-480	ul. Psarskie
60-480	ul. Regatowa
60-480	ul. Rekreacyjna
60-480	ul. Retmańska
60-480	ul. Sanatoryjna
60-480	ul. Słodyńska
60-480	ul. Spacerowa
60-480	ul. Stobnicka
60-480	ul. Szantowa
60-480	ul. Szkunerowa
60-480	ul. Szkutnicza
60-480	ul. Sztormowa
60-480	ul. Turystyczna
60-480	ul. Uzdrowiskowa
60-480	ul. Wilków Morskich
60-480	ul. Willowa
60-480	ul. Żaglowa
60-480	ul. Złotnicka
60-501	ul. Bukowska
60-501	ul. Józefa Kraszewskiego
60-501	ul. Piotra Wawrzyniaka
60-502	ul. Piotra Wawrzyniaka
60-503	ul. Piotra Wawrzyniaka
60-504	ul. Piotra Wawrzyniaka
60-505	ul. Piotra Wawrzyniaka
60-506	ul. Piotra Wawrzyniaka
60-508	ul. Maksymiliana Jackowskiego
60-509	ul. Maksymiliana Jackowskiego
60-511	ul. Maksymiliana Jackowskiego
60-512	ul. Maksymiliana Jackowskiego
60-513	ul. Maksymiliana Jackowskiego
60-514	ul. Augustyna Szamarzewskiego
60-516	ul. Augustyna Szamarzewskiego
60-517	ul. Augustyna Szamarzewskiego
60-518	ul. Józefa Kraszewskiego
60-519	ul. Józefa Kraszewskiego
60-521	ul. Juliusza Słowackiego
60-522	ul. Jana Henryka Dąbrowskiego
60-523	ul. Jana Henryka Dąbrowskiego
60-524	ul. Stanisława Staszica
60-525	ul. Stanisława Staszica
60-526	ul. Stanisława Staszica
60-527	ul. Stanisława Staszica
60-528	ul. Stanisława Staszica
60-529	ul. Jana Henryka Dąbrowskiego
60-531	ul. Augustyna Szamarzewskiego
60-532	ul. Augustyna Szamarzewskiego
60-533	ul. Polna
60-534	ul. Polna
60-535	ul. Polna
60-536	ul. św. Floriana
60-536	ul. Kościelna
60-537	ul. Kościelna
60-538	ul. Kościelna
60-539	ul. Kościelna
60-539	ul. św. Wawrzyńca
60-541	ul. Nad Seganką
60-541	ul. Stanisława Szczepanowskiego
60-541	ul. św. Wawrzyńca
60-542	ul. Klemensa Janickiego
60-543	ul. Jana Henryka Dąbrowskiego
60-543	ul. Wilkońskich
60-544	ul. Stefana Żeromskiego
60-545	ul. Michała Kajki
60-545	ul. Marii Rodziewiczówny
60-546	ul. św. Wawrzyńca
60-547	ul. Galla Anonima
60-548	ul. Wincentego Kadłubka
60-549	ul. Jana Kassyusza
60-551	ul. Augustyna Szamarzewskiego
60-552	ul. Augustyna Szamarzewskiego
60-553	ul. Maksymiliana Jackowskiego
60-554	ul. Jana Gorczyczewskiego
60-555	ul. Bukowska
60-556	ul. Jana Długosza
60-557	ul. Jana Długosza
60-558	ul. Jana Długosza
60-559	ul. Jana Długosza
60-561	ul. Galla Anonima
60-561	ul. Stanisława Przybyszewskiego
60-562	ul. Stanisława Przybyszewskiego
60-563	ul. Stanisława Przybyszewskiego
60-564	ul. Grodziska
60-566	ul. Szamotulska
60-567	ul. Bukowska
60-568	ul. Augustyna Szamarzewskiego
60-569	ul. Augustyna Szamarzewskiego
60-571	ul. Bednarska
60-571	ul. Wawrzyńca Engeströma
60-572	ul. Szpitalna
60-573	ul. Józefa Kościelskiego
60-573	ul. Samuela Lindego
60-573	ul. Zofii Nałkowskiej
60-573	ul. Juliana Niemcewicza
60-574	ul. Jana Henryka Dąbrowskiego
60-575	ul. Jana Henryka Dąbrowskiego
60-576	ul. Jana Henryka Dąbrowskiego
60-577	ul. Jana Henryka Dąbrowskiego
60-578	pl. Ludwika Waryńskiego
60-579	ul. Józefa Paszty
60-579	pl. Ludwika Waryńskiego
60-581	ul. Nowy Świat
60-582	ul. Nowy Świat
60-583	ul. Nowy Świat
60-584	ul. Szpitalna
60-586	ul. Botaniczna
60-586	ul. Miła
60-586	ul. Zofii Nałkowskiej
60-587	ul. Cienista
60-587	ul. Luba
60-587	ul. Szczęsna
60-588	ul. Jana Henryka Dąbrowskiego
60-589	ul. Nowina
60-589	ul. Piękna
60-591	ul. Hoża
60-591	ul. Miodowa
60-591	ul. Piękna
60-592	ul. Swojska
60-592	ul. Szafirowa
60-592	ul. Wiosenna
60-592	ul. Wonna
60-592	ul. Zimowa
60-592	ul. Złota
60-593	ul. Radosna
60-593	ul. Swojska
60-593	ul. Wesoła
60-594	ul. Jana Henryka Dąbrowskiego
60-594	ul. św. Wawrzyńca
60-595	ul. Dobra
60-595	ul. Polska
60-598	ul. Wesoła
60-601	ul. Grudzieniec
60-601	ul. Litewska
60-602	ul. Dworkowa
60-602	ul. Klin
60-602	ul. Kurpiowska
60-602	ul. Łady
60-602	ul. Niska
60-603	ul. Kurpiowska
60-603	al. Wielkopolska
60-604	ul. Nad Wierzbakiem
60-604	ul. Pałucka
60-604	ul. Żmudzka
60-605	ul. Litewska
60-605	ul. Poleska
60-607	ul. Kazimierza Pułaskiego
60-608	al. Wielkopolska
60-611	ul. Nad Wierzbakiem
60-612	ul. Nad Wierzbakiem
60-613	ul. Michała Drzymały
60-614	ul. Śląska
60-614	pl. Spiski
60-615	ul. Podhalańska
60-615	ul. Podolska
60-616	ul. Małopolska
60-616	ul. Wołyńska
60-617	ul. Mazowiecka
60-618	ul. Kujawska
60-618	pl. Orawski
60-618	ul. Wojska Polskiego
60-619	ul. Kaszubska
60-619	ul. Małopolska
60-619	ul. Mazowiecka
60-619	ul. Niestachowska
60-619	ul. Pomorska
60-621	ul. Bociania
60-621	ul. Grudzieniec
60-622	ul. Warmińska
60-623	ul. Góralska
60-623	ul. Mazowiecka
60-623	ul. Podlaska
60-624	ul. Wojska Polskiego
60-625	ul. Wojska Polskiego
60-626	ul. Golęcińska
60-626	ul. Podolańska
60-627	ul. Szydłowska
60-627	ul. Wojska Polskiego
60-628	ul. Dojazd
60-628	ul. Wojska Polskiego
60-631	ul. Dojazd
60-631	ul. Lutycka
60-632	ul. Dojazd
60-637	ul. Wojska Polskiego
60-637	ul. Wołyńska
60-638	ul. Śpiewaków
60-638	ul. Wiece
60-639	ul. Nad Potokiem
60-642	ul. Źródlana
60-643	ul. Źródlana
60-644	ul. Piątkowska
60-644	ul. Sokoła
60-645	ul. Chełmińska
60-645	ul. Michałowska
60-645	ul. Sochaczewska
60-646	ul. Urbanowska
60-647	ul. Urbanowska
60-648	ul. Piątkowska
60-649	ul. Piątkowska
60-650	ul. Obornicka
60-650	ul. Piątkowska
60-651	ul. gen. Stanisława Maczka
60-651	ul. Szydłowska
60-652	ul. Koronna
60-653	ul. Plebańska
60-653	ul. Tadeusza Rejtana
60-653	ul. Zjazd
60-654	ul. św. Leonarda
60-654	ul. Tadeusza Rejtana
60-654	ul. Winiarska
60-655	ul. Lazurowa
60-655	ul. Prześwit
60-655	ul. Widna
60-656	ul. Błękitna
60-656	ul. Szydłowska
60-658	ul. Bonin
60-658	ul. Turkusowa
60-661	ul. Turkusowa
60-663	ul. Kowalska
60-663	ul. Adama Wrzoska
60-665	os. Winiary
60-681	most Bolesława Chrobrego
60-681	os. Bolesława Chrobrego
60-681	ul. Wacława Gieburowskiego
60-681	ul. Stanisława Pawłowskiego
60-681	ul. Mikołaja Rudnickiego
60-681	ul. Jana Rymarkiewicza
60-681	os. Bolesława Śmiałego
60-681	ul. Henryka Śniegockiego
60-681	ul. Jerzego Suszki
60-681	ul. Władysława Syrokomli
60-681	ul. Kazimierza Tymienieckiego
60-681	ul. Stanisława Wachowiaka
60-681	ul. Włościańska
60-681	ul. Zygmunta Wojciechowskiego
60-682	ul. Władysława Biegańskiego
60-682	ul. Maksymiliana Garsteckiego
60-682	ul. Onufrego Kopczyńskiego
60-682	ul. Rogera Sławskiego
60-682	os. Bolesława Śmiałego
60-682	ul. Jana Sokołowskiego
60-682	ul. Konstantego Troczyńskiego
60-682	ul. Floriana Znanieckiego
60-683	os. Marysieńki
60-683	ul. Wiedeńska
60-684	os. Zygmunta Starego
60-685	ul. Herbowa
60-685	ul. Królewska
60-685	ul. Henryka Łowmiańskiego
60-685	ul. Magnacka
60-685	ul. Obornicka
60-685	ul. Henryka Opieńskiego
60-685	ul. Szlachecka
60-685	ul. Karola Szymanowskiego
60-685	ul. Zygmunta Wojciechowskiego
60-686	ul. Stanisława Strugarka
60-687	os. Stefana Batorego
60-687	ul. Ludwika Braillea
60-687	ul. Włościańska
60-688	ul. Chocimska
60-688	ul. Jarogniewa Drwęskiego
60-688	ul. Hulewiczów
60-688	os. Władysława Jagiełły
60-688	ul. Tadeusza Rugego
60-688	os. Jana III Sobieskiego
60-688	ul. Franciszka Stróżyńskiego
60-688	ul. Wilanowska
60-689	ul. Józefa Łęgowskiego
60-689	ul. Teofila Mateckiego
60-689	ul. Obornicka
60-691	ul. Obornicka
60-691	ul. Władysława Pniewskiego
60-691	ul. Tomasza Zana
60-692	ul. Franciszka Firlika
60-692	ul. Mariana Jaroczyńskiego
60-692	ul. Władysława Pniewskiego
60-692	ul. Adama Tomaszewskiego
60-693	ul. Edwarda Dembowskiego
60-693	ul. Tomasza Drobnika
60-693	ul. Onufrego Kopczyńskiego
60-693	ul. Obornicka
60-693	ul. Heleny Szafran
60-694	os. Władysława Jagiełły
60-694	ul. Mariana Jaroczyńskiego
60-701	ul. Głogowska
60-701	ul. Zachodnia
60-702	ul. Głogowska
60-703	ul. Gąsiorowskich
60-704	ul. Gąsiorowskich
60-705	ul. Gąsiorowskich
60-705	ul. Antoniego Małeckiego
60-706	ul. Antoniego Małeckiego
60-707	ul. Antoniego Małeckiego
60-708	ul. Antoniego Małeckiego
60-709	ul. Kanałowa
60-710	ul. Kanałowa
60-711	ul. Józefa Strusia
60-712	ul. Graniczna
60-713	ul. Graniczna
60-715	ul. Kolejowa
60-716	ul. Kolejowa
60-717	ul. Kolejowa
60-718	ul. Kolejowa
60-719	ul. Kolejowa
60-720	ul. Kolejowa
60-722	ul. Edmunda Calliera
60-723	ul. Marcelego Mottego
60-724	ul. Stanisława Karwowskiego
60-725	ul. Józefa Łukaszewicza
60-726	ul. Józefa Łukaszewicza
60-727	ul. Józefa Łukaszewicza
60-728	ul. Józefa Łukaszewicza
60-729	ul. Józefa Łukaszewicza
60-731	rynek Łazarski
60-732	ul. Kącik
60-732	rynek Łazarski
60-733	rynek Łazarski
60-734	ul. Głogowska
60-736	ul. Głogowska
60-737	ul. Głogowska
60-738	ul. Głogowska
60-739	ul. Głogowska
60-740	ul. Głogowska
60-741	ul. Głogowska
60-743	ul. Bolesława Limanowskiego
60-744	ul. Bolesława Limanowskiego
60-744	ul. Jana Matejki
60-745	ul. Elżbiety Drużbackiej
60-746	ul. Elżbiety Drużbackiej
60-747	ul. Sebastiana Klonowica
60-748	ul. Ułańska
60-749	ul. Stanisława Wyspiańskiego
60-749	pl. Stanisława Wyspiańskiego
60-750	ul. Stanisława Wyspiańskiego
60-750	pl. Stanisława Wyspiańskiego
60-751	ul. Stanisława Wyspiańskiego
60-751	pl. Stanisława Wyspiańskiego
60-753	ul. Józefa Chełmońskiego
60-754	ul. Józefa Chełmońskiego
60-755	ul. Józefa Chełmońskiego
60-756	ul. Józefa Chełmońskiego
60-757	ul. Artura Grottgera
60-758	ul. Artura Grottgera
60-759	ul. Juliusza Kossaka
60-760	ul. Juliusza Kossaka
60-761	ul. Juliusza Kossaka
60-762	ul. Juliusza Kossaka
60-763	ul. Henryka Siemiradzkiego
60-764	ul. Henryka Siemiradzkiego
60-765	ul. Ryszarda Berwińskiego
60-766	ul. Jana Matejki
60-767	ul. Jana Matejki
60-768	ul. Bolesława Limanowskiego
60-768	ul. Jana Matejki
60-769	ul. Jana Matejki
60-770	ul. Jana Matejki
60-771	ul. Marii Konopnickiej
60-771	ul. Jana Matejki
60-772	ul. Jana Matejki
60-773	ul. Śniadeckich
60-774	ul. Śniadeckich
60-775	ul. Parkowa
60-778	ul. Elizy Orzeszkowej
60-779	ul. Skryta
60-780	ul. Grunwaldzka
60-781	ul. Grunwaldzka
60-781	ul. Heliodora Święcickiego
60-782	ul. Grunwaldzka
60-783	ul. Grunwaldzka
60-784	ul. Grunwaldzka
60-785	ul. Grunwaldzka
60-786	ul. Grunwaldzka
60-787	ul. Arnolda Szylinga
60-788	ul. Stolarska
60-789	ul. Kazimiery Iłłakowiczówny
60-790	ul. Taborowa
60-791	ul. Władysława Reymonta
60-792	ul. Wojskowa
60-801	ul. Marcelińska
60-801	ul. Polna
60-801	ul. Zakątek
60-802	ul. Wojskowa
60-803	ul. Polna
60-804	ul. Biała
60-805	ul. Niecała
60-806	ul. Rokietnicka
60-808	ul. Janusza Zeylanda
60-809	ul. Bukowska
60-810	ul. Bukowska
60-811	ul. Bukowska
60-812	ul. Bukowska
60-812	ul. Rokietnicka
60-813	ul. Zwierzyniecka
60-814	ul. Zwierzyniecka
60-815	ul. Gajowa
60-816	ul. Henryka Sienkiewicza
60-817	ul. Henryka Sienkiewicza
60-818	ul. Henryka Sienkiewicza
60-819	ul. Bolesława Prusa
60-820	ul. Bolesława Prusa
60-822	ul. Juliusza Słowackiego
60-823	ul. Juliusza Słowackiego
60-824	ul. Juliusza Słowackiego
60-825	ul. Juliusza Słowackiego
60-826	pl. Adama Asnyka
60-826	ul. Adama Asnyka
60-826	ul. Mikołaja Reja
60-829	ul. Franklina Roosevelta
60-830	ul. Zygmunta Krasińskiego
60-831	ul. Zacisze
60-832	pl. Adama Asnyka
60-832	ul. Adama Asnyka
60-833	ul. Adama Mickiewicza
60-833	pl. Adama Mickiewicza
60-833	park Adama Mickiewicza
60-834	ul. Adama Mickiewicza
60-834	pl. Adama Mickiewicza
60-834	park Adama Mickiewicza
60-835	ul. Adama Mickiewicza
60-835	pl. Adama Mickiewicza
60-835	park Adama Mickiewicza
60-836	ul. Adama Mickiewicza
60-836	pl. Adama Mickiewicza
60-836	park Adama Mickiewicza
60-837	ul. Adama Mickiewicza
60-837	pl. Adama Mickiewicza
60-837	park Adama Mickiewicza
60-838	ul. Jana Henryka Dąbrowskiego
60-839	ul. Jana Henryka Dąbrowskiego
60-840	ul. Jana Henryka Dąbrowskiego
60-841	ul. Jana Henryka Dąbrowskiego
60-842	ul. Jana Henryka Dąbrowskiego
60-843	ul. Jana Henryka Dąbrowskiego
60-844	ul. Jana Henryka Dąbrowskiego
60-844	ul. Jana Kochanowskiego
60-845	ul. Jana Kochanowskiego
60-846	ul. Jana Kochanowskiego
60-847	rynek Jeżycki
60-848	ul. Poznańska
60-849	ul. Poznańska
60-850	ul. Poznańska
60-851	ul. Poznańska
60-852	ul. Poznańska
60-853	ul. Poznańska
60-854	ul. Romka Strzałkowskiego
60-855	ul. Petera Mansfelda
60-855	ul. Romka Strzałkowskiego
60-856	ul. Mylna
60-857	ul. Mylna
60-858	ul. Mylna
60-859	ul. Wąska
60-860	ul. Żurawia
60-861	ul. Mączna
60-862	ul. Nad Bogdanką
60-863	ul. Jeżycka
60-864	ul. Jeżycka
60-865	ul. Jeżycka
60-866	ul. Michała Barzyńskiego
60-867	ul. Cypriana Norwida
61-001	ul. ks. Zdzisława Bernata
61-001	ul. Zawady
61-002	ul. Zawady
61-003	ul. Chlebowa
61-003	ul. św. Wincentego
61-005	ul. Główna
61-005	ul. Koronkarska
61-005	ul. św. Michała
61-006	ul. Blacharska
61-006	ul. Kotlarska
61-006	ul. Studzienna
61-007	ul. Główna
61-008	ul. Prymasa Augusta Hlonda
61-008	ul. Smolna
61-011	ul. Harcerska
61-011	ul. Średnia
61-011	rynek Wschodni
61-012	ul. Krótka
61-012	ul. Mariacka
61-012	ul. Nadolnik
61-013	ul. Bałtycka
61-013	ul. Chemiczna
61-013	ul. Rzeczna
61-014	ul. Helska
61-014	ul. Rozewska
61-014	ul. Skromna
61-015	ul. Gnieźnieńska
61-015	ul. Urwista
61-016	ul. Bartnicza
61-016	ul. Gdyńska
61-016	ul. Sucha
61-017	ul. Bałtycka
61-017	ul. Syrenia
61-019	ul. Główna
61-019	ul. Wiejska
61-021	ul. Gnieźnieńska
61-021	ul. Kępa
61-021	ul. Krańcowa
61-021	ul. Nieszawska
61-021	ul. Wrzesińska
61-021	ul. Wschodnia
61-022	ul. Krańcowa
61-023	ul. Bnińska
61-023	tunel Komandoria
61-023	ul. Komandoria
61-023	ul. św. Michała
61-023	ul. Średzka
61-023	ul. Zdrojowa
61-028	ul. Termalna
61-028	ul. Warszawska
61-029	ul. Koralowa
61-029	ul. Miłosławska
61-029	ul. Zaniemyska
61-031	ul. Warszawska
61-033	ul. Krańcowa
61-035	ul. Krańcowa
61-036	ul. Krańcowa
61-037	ul. Krańcowa
61-038	ul. Czerniejewska
61-038	ul. Gąsawska
61-038	ul. Łabiszyńska
61-038	ul. Nakielska
61-038	ul. Nieszawska
61-038	ul. Radziejowska
61-038	ul. Rogowska
61-038	ul. Trzemeszeńska
61-039	ul. Powidzka
61-039	ul. Swarzędzka
61-039	ul. Witkowska
61-041	ul. Konińska
61-041	ul. Warszawska
61-042	ul. Inowrocławska
61-042	ul. Kolska
61-042	ul. Kostrzyńska
61-044	ul. Inowrocławska
61-044	ul. Łęczycka
61-044	ul. Mogileńska
61-045	ul. Kruszwicka
61-045	ul. Mogileńska
61-045	ul. Pilska
61-045	ul. Płocka
61-045	ul. Toruńska
61-046	ul. Barcińska
61-046	ul. Kcyńska
61-046	ul. Koronowska
61-046	ul. Krańcowa
61-046	ul. Kutnowska
61-046	ul. Łowicka
61-046	ul. Słupecka
61-047	ul. Białostocka
61-047	ul. Lidzka
61-047	ul. Terespolska
61-047	ul. Warszawska
61-048	ul. Brzeska
61-048	ul. Krańcowa
61-048	ul. Łomżyńska
61-048	ul. Nowogrodzka
61-049	ul. Czekalskie
61-049	ul. Mińska
61-049	ul. Modlińska
61-049	ul. Pobiedziska
61-049	ul. Wiankowa
61-051	ul. Augustowska
61-051	ul. Goplańska
61-051	ul. Mińska
61-051	ul. Otwocka
61-051	ul. Zambrowska
61-052	ul. Mogileńska
61-052	ul. Pułtuska
61-053	ul. Bożeny
61-053	ul. Pusta
61-053	ul. Wiesławy
61-054	ul. Bolesławy
61-054	ul. Bożeny
61-054	ul. Danuty
61-054	ul. Haliny
61-054	ul. Kwiryny
61-054	ul. Ludmiły
61-054	ul. Sabiny
61-054	ul. Wandy
61-054	ul. Zdzisławy
61-055	ul. Bałtycka
61-055	ul. Borowikowa
61-055	ul. Dobrochny
61-055	ul. Dobromiły
61-055	ul. Jaromira
61-055	ul. św. Kingi
61-055	ul. Świętochny
61-055	ul. Warszawska
61-055	ul. Władymira
61-056	ul. Dzicza
61-056	ul. Główieniec
61-056	ul. Jaromińska
61-056	ul. Krośniewicka
61-056	ul. Poziomkowa
61-056	ul. Smołdzinowska
61-057	ul. Chociebora
61-057	ul. Cieszymira
61-057	ul. Gorzysława
61-057	ul. Letnia
61-057	ul. Ludosławy
61-057	ul. Radziwoja
61-057	ul. Warszawska
61-057	ul. Za Cybiną
61-058	ul. Arkońska
61-058	ul. Cyraneczki
61-058	ul. Darniowa
61-058	ul. Drwali
61-058	ul. Kormorana
61-058	ul. Krzyżówki
61-058	ul. Leśników
61-058	ul. Łyski
61-058	ul. Mewy
61-058	ul. Perkoza
61-058	ul. Rybitwy
61-058	ul. Sarnia
61-058	ul. Sośnicka
61-058	ul. Starkowska
61-058	ul. Strzałkowska
61-058	ul. Świętowidzka
61-058	ul. Uznamska
61-058	ul. Warpińska
61-058	ul. Zdunowska
61-058	ul. Zieliniec
61-058	ul. Zimorodka
61-059	ul. Arkońska
61-059	ul. Górska
61-059	ul. Grodnicka
61-059	ul. Kamieńska
61-059	ul. Leśna
61-059	ul. Podbórska
61-059	ul. Podleśna
61-059	ul. Ranowska
61-059	ul. Rugijska
61-059	ul. Sobolowa
61-059	ul. Starachowicka
61-059	ul. Zieleńska
61-062	ul. Dobrowita
61-062	ul. Jaromira
61-062	tunel Leszka
61-062	ul. Leszka
61-062	ul. Miłowita
61-062	ul. Mścibora
61-062	ul. Sobiesława
61-062	ul. Światopełka
61-062	ul. Witosława
61-062	ul. Zbyłowita
61-062	ul. Zbyszka
61-063	ul. Browarna
61-063	ul. Dobrowita
61-063	ul. Gniewka
61-063	ul. Radowita
61-063	ul. Sędziwoja
61-063	ul. Sławomira
61-063	ul. Swantibora
61-063	ul. Unisława
61-063	ul. Ziemowita
61-064	ul. Folwarczna
61-064	os. Przemysława
61-064	ul. Szwajcarska
61-064	ul. Żelazna
61-065	ul. Borsucza
61-065	ul. Gronostajowa
61-065	ul. Lisia
61-065	ul. Włodzimierza Majakowskiego
61-065	ul. Piwna
61-065	ul. Reknicka
61-065	ul. Rysia
61-065	ul. Sępia
61-065	ul. Stalowa
61-065	ul. Szpaków
61-065	ul. Wiewiórcza
61-065	ul. Wilcza
61-065	ul. Zajęcza
61-065	ul. Żbikowa
61-066	ul. abpa Walentego Dymka
61-066	ul. Dzieci Wrzesińskich
61-066	ul. Włodzimierza Majakowskiego
61-066	ul. Rysia
61-066	ul. Wczasowa
61-070	ul. Janikowska
61-070	ul. Kołodzieja
61-070	ul. Kosiarzy
61-070	ul. Prząśniczki
61-101	ul. Wenecjańska
61-102	ul. Czartoria
61-103	ul. Tylne Chwaliszewo
61-104	ul. Chwaliszewo
61-104	ul. Ewangelicka
61-105	ul. Chwaliszewo
61-108	ul. Dziekańska
61-108	ul. Jana Lubrańskiego
61-108	ul. Panny Marii
61-108	ul. ks. Ignacego Posadzego
61-109	ul. Ostrów Tumski
61-111	ul. Nowe Zagórze
61-111	ul. Wieżowa
61-112	ul. Zagórze
61-113	ul. Świętojańska
61-113	ul. Warszawska
61-114	ul. Stanisława Konarskiego
61-114	ul. Andrzeja Łaskarza
61-115	ul. Stanisława Konarskiego
61-116	ul. Piotra Tomickiego
61-117	ul. Piotra Tomickiego
61-118	ul. Andrzeja Łaskarza
61-118	ul. św. Michała
61-119	ul. św. Michała
61-121	ul. Ostrówek
61-122	ul. Ostrówek
61-123	ul. Filipińska
61-123	ul. Gdańska
61-124	ul. Cybińska
61-124	ul. św. Jacka
61-124	ul. Prymasa Stefana Wyszyńskiego
61-125	ul. Śródka
61-125	rondo Śródka
61-126	rynek Śródecki
61-127	ul. Bydgoska
61-129	ul. Stanisława Małachowskiego
61-131	ul. abpa Antoniego Baraniaka
61-131	ul. Berdychowo
61-131	ul. Inflancka
61-131	park Jana Pawła II
61-131	ul. Jana Pawła II
61-131	ul. Kaliska
61-131	ul. Katowicka
61-131	ul. Maltańska
61-131	ul. Milczańska
61-131	ul. Polanka
61-131	ul. Sowia
61-131	ul. Wiankowa
61-131	ul. Zabrzańska
61-131	ul. Ludwika Zamenhofa
61-132	ul. Inflancka
61-132	ul. Kórnicka
61-132	ul. Łacina
61-132	ul. Prużańska
61-132	ul. Słonimska
61-132	ul. Święciańska
61-132	ul. Wołkowyska
61-136	ul. Pleszewska
61-136	ul. Wioślarska
61-138	ul. Piotrowo
61-138	ul. Przystań
61-139	park Jana Pawła II
61-139	ul. Jana Pawła II
61-139	ul. Piotrowo
61-139	ul. Ludwika Zamenhofa
61-141	ul. Kórnicka
61-142	ul. św. Rocha
61-142	most św. Rocha
61-142	ul. Serafitek
61-144	ul. Bolesława Krzywoustego
61-144	ul. Łucznicza
61-144	ul. Na Miasteczku
61-144	ul. św. Rocha
61-144	most św. Rocha
61-144	ul. Serafitek
61-146	os. Piastowskie
61-147	os. Piastowskie
61-148	os. Piastowskie
61-149	os. Piastowskie
61-151	os. Piastowskie
61-152	os. Piastowskie
61-153	os. Piastowskie
61-154	os. Piastowskie
61-155	os. Piastowskie
61-156	os. Piastowskie
61-157	os. Piastowskie
61-158	os. Piastowskie
61-159	os. Piastowskie
61-161	os. Piastowskie
61-162	os. Piastowskie
61-163	os. Piastowskie
61-164	os. Piastowskie
61-165	os. Piastowskie
61-166	os. Piastowskie
61-168	rondo Rataje
61-168	ul. Rataje
61-168	ul. Ludwika Zamenhofa
61-203	ul. Obrzyca
61-205	os. Oświecenia
61-206	os. Oświecenia
61-207	os. Oświecenia
61-208	os. Oświecenia
61-209	os. Oświecenia
61-211	os. Oświecenia
61-212	os. Oświecenia
61-213	os. Powstań Narodowych
61-214	os. Powstań Narodowych
61-215	os. Powstań Narodowych
61-216	os. Powstań Narodowych
61-217	os. Jagiellońskie
61-218	os. Jagiellońskie
61-219	os. Jagiellońskie
61-221	os. Jagiellońskie
61-222	os. Jagiellońskie
61-223	os. Jagiellońskie
61-224	os. Jagiellońskie
61-225	os. Jagiellońskie
61-226	os. Jagiellońskie
61-227	os. Jagiellońskie
61-228	os. Jagiellońskie
61-229	os. Jagiellońskie
61-231	os. Jagiellońskie
61-233	os. Jagiellońskie
61-234	os. Jagiellońskie
61-235	os. Jagiellońskie
61-236	os. Jagiellońskie
61-237	os. Jagiellońskie
61-238	os. Jagiellońskie
61-239	os. Jagiellońskie
61-241	os. Jagiellońskie
61-242	ul. Wiatraczna
61-243	ul. Inflancka
61-244	ul. Barana
61-244	ul. Bliźniąt
61-244	ul. Koziorożca
61-244	ul. Lwa
61-244	ul. Raka
61-244	ul. Ryb
61-244	ul. Skorpiona
61-244	ul. Strzelca
61-244	ul. Wagi
61-244	ul. Wodnika
61-244	ul. Zodiakowa
61-245	ul. abpa Antoniego Baraniaka
61-245	ul. Chartowo
61-245	ul. abpa Walentego Dymka
61-245	ul. Panny
61-245	os. Rusa
61-245	ul. Żelazna
61-246	ul. Józefa Piłsudskiego
61-248	ul. Bobrzańska
61-248	ul. Dziadoszańska
61-248	ul. Lubuszańska
61-248	ul. Milczańska
61-248	ul. Ślężańska
61-249	ul. Falista
61-249	ul. Obodrzycka
61-249	ul. Pyrzyczańska
61-249	os. Stare Żegrze
61-249	ul. Unii Lubelskiej
61-251	os. Orła Białego
61-251	os. Stare Żegrze
61-252	ul. Chyżańska
61-252	ul. Morzyczańska
61-253	os. Polan
61-255	al. ks. Mieczysława Radziejewskiego
61-255	os. Tysiąclecia
61-285	ul. Kurlandzka
61-285	ul. Szwajcarska
61-285	ul. Szwedzka
61-286	os. Czecha
61-287	os. Czecha
61-288	os. Czecha
61-289	os. Czecha
61-290	os. Czecha
61-291	os. Czecha
61-292	os. Czecha
61-293	most Lecha
61-293	os. Lecha
61-294	most Lecha
61-294	os. Lecha
61-295	most Lecha
61-295	os. Lecha
61-296	most Lecha
61-296	os. Lecha
61-297	most Lecha
61-297	os. Lecha
61-298	os. Czecha
61-298	most Lecha
61-298	os. Lecha
61-299	most Lecha
61-299	os. Lecha
61-302	ul. Franowo
61-302	ul. Klenowska
61-302	ul. Kłońska
61-302	ul. Łosiowa
61-302	ul. Łuczkowska
61-302	ul. Ternicka
61-303	ul. Darzyborska
61-304	ul. Borówki
61-304	ul. Darzyńska
61-304	ul. Kobylepole
61-304	ul. Michałowo
61-304	ul. Przedpole
61-306	ul. Aroniowa
61-306	ul. Bobrownicka
61-306	ul. Brzoskwiniowa
61-306	ul. Dereniowa
61-306	ul. Glebowa
61-306	ul. Jeżynowa
61-306	ul. Mirabelkowa
61-306	ul. Nad Łężynką
61-306	ul. Oliwkowa
61-306	ul. Owocowa
61-306	ul. Porzeczkowa
61-306	ul. Powozowa
61-306	ul. Sierpowa
61-306	ul. Skibowa
61-306	ul. Sowice
61-306	ul. Szczepankowo
61-306	ul. Truskawkowa
61-306	ul. Winogronowa
61-306	ul. Żyzna
61-307	ul. Agrestowa
61-307	ul. Jagodowa
61-307	ul. Roślinna
61-307	ul. Sierpowa
61-308	ul. Gorlicka
61-308	ul. Ługańska
61-308	ul. Salicka
61-308	ul. Stewnicka
61-308	ul. Widawska
61-309	ul. Bodawska
61-311	ul. Chotomińska
61-311	ul. Iłowska
61-311	ul. Łopawska
61-311	ul. Ługańska
61-311	ul. Szczepankowo
61-312	ul. Gardowska
61-312	ul. Glebowa
61-312	ul. Nad Pokrzywką
61-312	ul. Ostrowska
61-312	ul. Pastewna
61-312	ul. Plonowa
61-312	ul. Poznańskie Sady
61-312	ul. Rodawska
61-312	ul. Skibowa
61-312	ul. Snopowa
61-312	ul. Spławie
61-312	ul. Uprawna
61-312	ul. Urodzajna
61-312	ul. Wieprawska
61-312	ul. Ziemska
61-313	ul. Borecka
61-313	ul. Chrzanowska
61-313	ul. Dobrepole
61-313	ul. Gminna
61-313	ul. Gościnna
61-313	ul. Gospodarska
61-313	ul. Na Dołku
61-313	ul. Popularna
61-313	ul. Powozowa
61-313	ul. Przyjemna
61-313	ul. Serdeczna
61-313	ul. Spławie
61-313	ul. Szczepankowo
61-313	ul. Wygon
61-314	ul. Michałowo
61-314	ul. Morwowa
61-314	ul. Stewnicka
61-315	ul. Bychawska
61-315	ul. Dębicka
61-315	ul. Jedlicka
61-315	ul. Krotoszyńska
61-315	ul. Bolesława Krzywoustego
61-315	ul. Leżajska
61-315	ul. Okólna
61-315	ul. Ostrowska
61-315	ul. Pokrzywno
61-315	ul. Poprzeczna
61-315	ul. Przeskok
61-315	ul. Pustkowska
61-315	ul. Sanocka
61-315	ul. Torowa
61-315	ul. Wybieg
61-315	ul. Żurawicka
61-316	ul. Dębicka
61-316	ul. Garaszewo
61-316	ul. Niżańska
61-316	ul. Ropczycka
61-316	ul. Śmigi
61-317	ul. Rakietowa
61-317	ul. Silniki
61-317	ul. Skrzydlata
61-318	ul. Nowotarska
61-318	ul. Rymanowska
61-321	ul. Janowska
61-321	ul. Jarosławska
61-321	ul. Krzesiny
61-321	ul. Lubelska
61-321	ul. Mielecka
61-321	ul. Pruszkowska
61-321	ul. Rymanowska
61-323	ul. Chrzanowska
61-323	ul. Garaszewo
61-323	ul. Jarosławska
61-323	ul. Krzesiny
61-323	ul. Pabianicka
61-323	ul. Przemyska
61-323	ul. Przeworska
61-323	ul. Rudzka
61-323	ul. Rymanowska
61-323	ul. Siewierska
61-323	ul. Strzyżowska
61-323	ul. Tarnowska
61-324	ul. Bruzdowa
61-324	ul. Nad Krzesinką
61-324	ul. Nad Spławką
61-324	ul. Ostrowska
61-324	ul. Podjaryszki
61-324	ul. Przemyska
61-324	ul. Sanocka
61-324	ul. Świątniczki
61-324	ul. Ustrzycka
61-324	ul. Zawiertowska
61-327	ul. Kopylnik
61-327	ul. Sypniewo
61-328	ul. Daszewicka
61-329	ul. Babicka
61-329	ul. Głuszyna
61-332	ul. Henryka Arctowskiego
61-332	ul. Jana Czekanowskiego
61-332	ul. Ignacego Domeyki
61-332	ul. Aleksandra Gabszewicza
61-332	ul. Głuszyna
61-332	ul. Lipnicka
61-332	ul. Bronisława Malinowskiego
61-332	ul. Ożarowska
61-332	ul. Wacława Rzewuskiego
61-332	ul. Pawła Strzeleckiego
61-332	ul. Stefana Szolca-Rogozińskiego
61-333	ul. Andrychowska
61-333	ul. Białobrzeska
61-333	ul. Czernichowska
61-333	ul. Działoszycka
61-333	ul. Klimontowska
61-333	ul. Lachowicka
61-333	ul. Leska
61-333	ul. Skawińska
61-333	ul. Starołęcka
61-333	ul. Staszowska
61-333	ul. Tomaszowska
61-333	ul. Treblińska
61-333	ul. Tyczyńska
61-333	ul. Wadowicka
61-334	ul. Ćmielowska
61-334	ul. Czernichowska
61-334	ul. Lubartowska
61-334	ul. Rozwadowska
61-334	ul. Zemborzycka
61-335	ul. Łysogórska
61-335	ul. Połaniecka
61-335	ul. Puławska
61-335	ul. Solecka
61-337	ul. Chęcińska
61-337	ul. Dęblińska
61-337	ul. Kozienicka
61-337	ul. Oświęcimska
61-337	ul. Warecka
61-339	ul. Hrubieszowska
61-339	ul. Jędrzejowska
61-339	ul. Olkuska
61-339	ul. Przedborska
61-339	ul. Zamojska
61-341	ul. Głuszyna
61-341	ul. Starołęcka
61-341	ul. Wolbromska
61-341	ul. Żywiecka
61-343	ul. Oświęcimska
61-343	ul. Rydzowa
61-344	ul. Dziedzicka
61-344	ul. Władysława Kotwicza
61-344	ul. Miechowska
61-344	ul. Opoczyńska
61-344	ul. Starołęcka
61-344	ul. Żorska
61-344	ul. Żywiecka
61-345	ul. Masztowa
61-345	ul. Skoczowska
61-345	ul. Żorska
61-347	ul. Żeglarska
61-348	ul. Orląt
61-351	ul. Kielecka
61-351	ul. Koprzywnicka
61-351	ul. Korczyńska
61-351	ul. Nowosądecka
61-351	ul. Radomska
61-351	ul. Sandomierska
61-351	ul. Wiślicka
61-353	ul. Baranowska
61-353	ul. Opatowska
61-353	ul. Piotrowska
61-353	ul. Szydłowiecka
61-354	ul. Tarnobrzeska
61-355	ul. Iłżańska
61-355	ul. Minikowo
61-355	ul. Nagłowicka
61-355	ul. Pińczowska
61-357	ul. Gołężycka
61-357	ul. Okopowa
61-357	ul. Podmiejska
61-357	ul. Wincentego Pstrowskiego
61-357	ul. Sarbinowska
61-357	ul. Warowna
61-359	ul. św. Antoniego
61-361	ul. Faszynowa
61-361	ul. Korbielowska
61-361	ul. Książęca
61-361	ul. Makoszowska
61-361	ul. Marklowicka
61-361	ul. Nad Starynką
61-361	ul. Opoczyńska
61-361	ul. Starołęcka
61-361	ul. Sułkowicka
61-361	ul. Szopienicka
61-362	ul. Forteczna
61-366	ul. Bystra
61-366	ul. Forteczna
61-366	ul. Starołęcka
61-367	ul. Czysta
61-367	ul. Gładka
61-367	ul. Ochota
61-367	ul. Pochyła
61-368	ul. Pochyła
61-368	ul. Równa
61-368	ul. Śliska
61-369	ul. Śliska
61-369	ul. Wagrowska
61-371	ul. Romana Maya
61-373	os. Armii Krajowej
61-374	os. Armii Krajowej
61-375	os. Armii Krajowej
61-375	ul. Pawia
61-376	os. Armii Krajowej
61-377	os. Armii Krajowej
61-378	os. Armii Krajowej
61-379	os. Armii Krajowej
61-381	os. Armii Krajowej
61-382	os. Bohaterów II Wojny Światowej
61-383	os. Bohaterów II Wojny Światowej
61-384	os. Bohaterów II Wojny Światowej
61-385	os. Bohaterów II Wojny Światowej
61-386	os. Bohaterów II Wojny Światowej
61-387	os. Bohaterów II Wojny Światowej
61-388	os. Bohaterów II Wojny Światowej
61-389	os. Rzeczypospolitej
61-392	os. Rzeczypospolitej
61-393	os. Rzeczypospolitej
61-394	os. Rzeczypospolitej
61-395	os. Rzeczypospolitej
61-396	os. Rzeczypospolitej
61-397	os. Rzeczypospolitej
61-397	ul. Wyzwolenia
61-402	ul. Będzińska
61-402	ul. Gliwicka
61-402	ul. Kluczborska
61-402	ul. Reczeńska
61-402	ul. Sulechowska
61-403	ul. Bytomska
61-403	ul. Wieluńska
61-403	ul. Więzowska
61-404	ul. Opolska
61-405	ul. Opolska
61-406	ul. Hugona Kołłątaja
61-406	ul. Ludwika Krzywickiego
61-406	ul. Stefana Okrzei
61-406	ul. Emilii Plater
61-406	ul. Lucjana Szenwalda
61-406	ul. Władysława Zamoyskiego
61-407	ul. Błońska
61-407	ul. Xawerego Dunikowskiego
61-407	ul. Wiktora Gosienieckiego
61-407	ul. Roberta Kocha
61-407	ul. Wojciecha Korfantego
61-407	ul. Lubońska
61-407	ul. Jana Ludygi-Laskowskiego
61-407	ul. Alojzego Nowaka
61-407	ul. Władysława Orkana
61-407	ul. Józefa Rymera
61-407	ul. Wincentego Styczyńskiego
61-407	ul. Teodora Tyca
61-407	ul. Franciszka Witaszka
61-408	ul. Janusza Korczaka
61-408	ul. Romana Kozaka
61-408	ul. Opolska
61-408	ul. Bohdana Winiarskiego
61-409	ul. Joachima Lelewela
61-409	ul. Leszczyńska
61-409	ul. Tadeusza Vetulaniego
61-411	ul. Leszczyńska
61-412	ul. Ignacego Krasickiego
61-412	ul. Tadeusza Vetulaniego
61-413	ul. Hugona Kołłątaja
61-413	ul. Leopolda Okulickiego
61-413	ul. Jana Wojkiewicza
61-414	ul. ks. Stanisława Brzóski
61-414	ul. Karola Buczka
61-414	ul. Bolesława Czerwińskiego
61-414	ul. Wojciecha Trąmpczyńskiego
61-415	ul. Ignacego Daszyńskiego
61-415	ul. Adama Grześkiewicza
61-415	ul. Józefa Janiszewskiego
61-415	ul. Oskara Kolberga
61-415	ul. Tadeusza Kotarbińskiego
61-415	ul. Stefanii Sempołowskiej
61-415	ul. Walentego Stefańskiego
61-417	ul. Bolesława Czerwińskiego
61-417	ul. Gołuchowska
61-417	ul. Jaraczewska
61-417	ul. Kotlińska
61-417	ul. Koźmińska
61-417	ul. Eugeniusza Kwiatkowskiego
61-417	ul. Leszczyńska
61-417	ul. Szamocińska
61-418	ul. Drawska
61-418	ul. Stanisława Kunickiego
61-418	ul. Eugeniusza Kwiatkowskiego
61-418	ul. Michała Ossowskiego
61-418	ul. Jana Pietrusińskiego
61-418	ul. Kazimierza Pużaka
61-418	ul. Wielichowska
61-418	ul. Żerkowska
61-418	ul. Henryka Zygalskiego
61-419	ul. Zbigniewa Kiedacza
61-419	ul. Mariana Rejewskiego
61-419	ul. Jerzego Różyckiego
61-419	ul. Henryka Sucharskiego
61-419	ul. Henryka Ułaszyna
61-419	ul. Stanisława Worcella
61-421	ul. Pawła Cymsa
61-421	ul. Hugona Kołłątaja
61-421	ul. Stanisława Nowakowskiego
61-422	ul. Marii Bohuszewiczówny
61-422	ul. Józefa Burszty
61-422	ul. Patricea Lumumby
61-422	ul. Stanisława Niedbalskiego
61-422	ul. Józefa Przybylskiego
61-423	ul. Błotna
61-423	ul. Kamienna
61-423	ul. Korzenna
61-423	ul. Przełom
61-424	ul. Górecka
61-424	ul. Kobylińska
61-424	ul. Nizinna
61-424	ul. Podmokła
61-425	ul. Czechosłowacka
61-425	ul. Opolska
61-426	ul. Czereśniowa
61-426	ul. Modrzewiowa
61-426	ul. Śliwkowa
61-427	ul. Jodłowa
61-428	ul. Sosnowa
61-429	ul. Brzozowa
61-429	ul. Jesionowa
61-431	ul. Akacjowa
61-432	ul. Głogowa
61-432	ul. Jarzębowa
61-432	ul. Jesionowa
61-432	ul. Wiązowa
61-433	ul. Opolska
61-434	ul. Cieszyńska
61-434	ul. Goleszowska
61-434	ul. Stobrawska
61-434	ul. Wiązowa
61-435	ul. Bielska
61-435	ul. Jabłonkowska
61-435	ul. Ustrońska
61-436	ul. Jaśminowa
61-436	ul. Kalinowa
61-436	ul. Opolska
61-436	ul. Rydzyńska
61-437	ul. 28 Czerwca 1956 r.
61-437	ul. Czechosłowacka
61-437	ul. Kalinowa
61-441	ul. 28 Czerwca 1956 r.
61-441	ul. Azaliowa
61-441	ul. Laskowa
61-441	ul. Samotna
61-442	ul. Łozowa
61-443	ul. Łozowa
61-444	ul. Bukowa
61-445	ul. Bukowa
61-446	ul. Limbowa
61-447	ul. Orzechowa
61-447	ul. Platanowa
61-448	ul. Kasztanowa
61-448	ul. Łozowa
61-449	ul. Cedrowa
61-450	os. Dębina
61-451	ul. Osinowa
61-453	ul. Jaworowa
61-453	ul. Racjonalizatorów
61-454	ul. Jaworowa
61-455	ul. Żurawinowa
61-456	ul. Czechosłowacka
61-457	ul. Wiklinowa
61-458	ul. Dębowa
61-459	ul. Czechosłowacka
61-461	ul. Czechosłowacka
61-462	ul. Jaworowa
61-463	ul. Konarowa
61-464	ul. Bławatkowa
61-464	ul. Chmielna
61-464	ul. Czechosłowacka
61-464	ul. Konwaliowa
61-464	ul. Makowa
61-464	ul. Malinowa
61-464	ul. Modrakowa
61-464	ul. Rozmarynowa
61-465	ul. Chabrowa
61-465	ul. Konwaliowa
61-465	ul. św. Szczepana
61-466	ul. Łozowa
61-467	ul. Łozowa
61-468	ul. Jaworowa
61-468	ul. Klonowa
61-469	ul. 28 Czerwca 1956 r.
61-471	ul. Opolska
61-472	ul. Grzybowa
61-472	ul. Świerkowa
61-473	ul. Czeremchowa
61-473	ul. Grabowa
61-474	ul. Czeremchowa
61-474	ul. Gruszkowa
61-474	ul. Modrzewiowa
61-474	ul. Morelowa
61-474	ul. Tarninowa
61-475	ul. Cisowa
61-475	ul. Górecka
61-475	ul. Olchowa
61-475	ul. Południowa
61-476	ul. Czechosłowacka
61-477	ul. Modrakowa
61-477	ul. Wiśniowa
61-477	ul. Wrzosowa
61-478	ul. Bluszczowa
61-478	ul. Bzowa
61-478	ul. Fiołkowa
61-478	ul. Lipowa
61-478	pl. Lipowy
61-478	ul. św. Trójcy
61-479	ul. Wspólna
61-481	ul. 28 Czerwca 1956 r.
61-481	ul. Wspólna
61-482	ul. Mała
61-482	ul. Obrzeże
61-482	ul. Przesmyk
61-482	ul. Tarczowa
61-482	ul. Zwrotnicza
61-483	ul. Drużynowa
61-483	ul. Górecka
61-483	ul. Maszynowa
61-485	ul. 28 Czerwca 1956 r.
61-485	ul. Hetmańska
61-485	ul. Rolna
61-486	ul. Hutnicza
61-486	ul. Tokarska
61-487	ul. Rolna
61-487	ul. Saperska
61-488	ul. Rolna
61-489	ul. Barska
61-489	ul. Łanowa
61-489	ul. Sportowa
61-491	ul. Rolna
61-492	ul. Dolna Wilda
61-492	ul. Droga Dębińska
61-492	ul. Ku Dębinie
61-492	ul. Piastowska
61-492	ul. Pionierska
61-492	ul. Wspólna
61-493	ul. Hetmańska
61-493	ul. Saperska
61-494	ul. Kazimierza Mielęckiego
61-494	ul. Saperska
61-495	ul. Czwartaków
61-495	ul. Partyzancka
61-501	ul. Dąbrówki
61-501	ul. Dolna Wilda
61-501	ul. Zmartwychwstańców
61-502	ul. Filarecka
61-502	ul. Mariana Langiewicza
61-503	ul. Dezyderego Chłapowskiego
61-503	ul. Dąbrówki
61-504	ul. Dezyderego Chłapowskiego
61-505	ul. 28 Czerwca 1956 r.
61-505	ul. Pamiątkowa
61-507	ul. 28 Czerwca 1956 r.
61-508	ul. Pamiątkowa
61-509	ul. Antoniego Madalińskiego
61-511	ul. Antoniego Madalińskiego
61-512	ul. Fabryczna
61-512	ul. Pamiątkowa
61-513	ul. Hetmańska
61-513	ul. Rolna
61-514	ul. Romualda Traugutta
61-515	ul. 28 Czerwca 1956 r.
61-517	ul. Stefana Czarnieckiego
61-517	ul. Robocza
61-517	ul. Jana Umińskiego
61-518	ul. Jana Umińskiego
61-519	ul. Antoniego Kosińskiego
61-521	ul. Antoniego Kosińskiego
61-522	ul. Antoniego Kosińskiego
61-523	ul. Ignacego Prądzyńskiego
61-524	ul. Fabryczna
61-525	ul. 28 Czerwca 1956 r.
61-526	ul. 28 Czerwca 1956 r.
61-527	ul. Józefa Garczyńskiego
61-527	ul. Ignacego Prądzyńskiego
61-528	ul. Ignacego Prądzyńskiego
61-529	ul. Józefa Wybickiego
61-531	ul. Jana Kilińskiego
61-532	ul. Jana Kilińskiego
61-534	ul. Władysława Sikorskiego
61-535	ul. Władysława Sikorskiego
61-536	ul. Władysława Sikorskiego
61-537	ul. Władysława Sikorskiego
61-538	ul. Stefana Czarnieckiego
61-538	ul. Robocza
61-541	ul. Przemysłowa
61-542	ul. Gothilfa Bergera
61-542	pl. Marii Skłodowskiej-Curie
61-542	ul. Jana Żupańskiego
61-543	ul. Marcina Chwiałkowskiego
61-544	ul. 28 Czerwca 1956 r.
61-545	ul. Krzyżowa
61-546	ul. Czajcza
61-546	ul. św. Jerzego
61-546	ul. Powstańcza
61-546	rynek Wildecki
61-547	ul. Wierzbięcice
61-548	ul. Wierzbięcice
61-551	ul. Dolina
61-551	ul. Przy Dolinie
61-552	ul. Dolna Wilda
61-553	ul. Marcina Chwiałkowskiego
61-553	ul. Głęboka
61-553	most Królowej Jadwigi
61-553	ul. Królowej Jadwigi
61-553	ul. Maratońska
61-553	ul. Olimpijska
61-555	ul. Bielniki
61-555	ul. Droga Dębińska
61-556	ul. Piastowska
61-558	ul. Wierzbięcice
61-559	ul. Wierzbięcice
61-561	ul. Wierzbięcice
61-562	ul. Jana Żupańskiego
61-563	ul. Górna Wilda
61-564	ul. Górna Wilda
61-564	ul. Spadzista
61-565	ul. Górna Wilda
61-565	ul. Spadzista
61-565	ul. Wierzbięcice
61-567	ul. 28 Czerwca 1956 r.
61-567	ul. Górna Wilda
61-568	ul. Wierzbięcice
61-568	ul. Jana Żupańskiego
61-569	ul. Wierzbięcice
61-571	ul. Marcina Chwiałkowskiego
61-572	ul. Jana Żupańskiego
61-573	ul. Poplińskich
61-574	ul. Poplińskich
61-575	ul. św. Czesława
61-576	ul. Górna Wilda
61-576	ul. Wierzbięcice
61-577	ul. św. Czesława
61-577	ul. Różana
61-578	ul. Mieczysława Niedziałkowskiego
61-579	ul. Przemysłowa
61-581	ul. Stanisława Matyi
61-581	ul. ks. Jakuba Wujka
61-582	ul. św. Czesława
61-583	ul. św. Czesława
61-584	ul. Topolowa
61-586	ul. Stanisława Matyi
61-588	ul. Składowa
61-601	ul. Bazyliowa
61-601	ul. Jarowa
61-601	ul. Jasne Błonie
61-601	ul. Kopcowa
61-601	ul. Kresowa
61-601	ul. Naramowicka
61-601	ul. Urocza
61-602	ul. Cytrynowa
61-602	ul. Jarowa
61-602	ul. Jasne Błonie
61-602	ul. Kokosowa
61-602	ul. Mandarynkowa
61-602	ul. Poręba
61-602	ul. Radłowa
61-602	ul. Rodzynkowa
61-602	ul. Ślazowa
61-602	ul. Zagajnikowa
61-605	ul. Kopcowa
61-606	ul. Kazimierza Ajdukiewicza
61-606	ul. Lucjana Ballenstedta
61-606	most Lucjana Ballenstedta
61-606	pl. Wiktora Degi
61-606	ul. Szczęsnego Dettloffa
61-606	ul. Romana Drewsa
61-606	ul. Jana Grochmalickiego
61-606	ul. Wincentego Jezierskiego
61-606	ul. Władysława Kozłowskiego
61-606	ul. Zygmunta Lisowskiego
61-606	ul. Jarosława Maciejewskiego
61-606	ul. Maków Polnych
61-606	ul. Józefa Paczoskiego
61-606	ul. Romana Pollaka
61-606	ul. Stanisława Rungego
61-606	ul. Adama Skałkowskiego
61-606	ul. Wacława Strażewicza
61-606	ul. Zygmunta Szweykowskiego
61-606	ul. Stefana Vrtela-Wierczyńskiego
61-607	ul. Bożydara
61-607	ul. Bożymira
61-607	ul. Bożywoja
61-607	ul. Bronisława
61-607	ul. Burysława
61-607	ul. Dzięgielowa
61-608	ul. Błażeja
61-608	ul. Bogumiła
61-608	ul. Bogusława
61-608	ul. Bogusza
61-608	ul. Bolka
61-608	ul. Boranta
61-608	ul. Bratumiły
61-608	ul. Bronisza
61-608	ul. Budzisława
61-608	ul. Juranda
61-608	ul. Naramowicka
61-609	ul. Błażeja
61-609	ul. Jasna Rola
61-611	ul. Bolka
61-611	ul. Naramowicka
61-612	ul. Budzisława
61-612	ul. Cytrynowa
61-612	ul. Czarnucha
61-612	ul. Daktylowa
61-612	ul. Figowa
61-612	ul. Migdałowa
61-612	ul. Pomarańczowa
61-612	ul. Rubież
61-614	ul. Dalemińska
61-614	ul. Drewlańska
61-614	ul. Kupały
61-614	ul. Łuczanowska
61-614	ul. Łużycka
61-614	ul. Marzanny
61-614	ul. Mołdawska
61-614	ul. Polańska
61-614	ul. Siedmiogrodzka
61-614	ul. Stefana Stoińskiego
61-614	ul. Umultowska
61-614	ul. Wenedów
61-614	ul. Wrotyczowa
61-615	ul. Romana Abrahama
61-615	ul. Franciszka Altera
61-615	ul. Władysława Bortnowskiego
61-615	ul. Chrobacka
61-615	ul. Dziewanny
61-615	ul. Stanisława Grzmota-Skotnickiego
61-615	ul. Franciszka Kleeberga
61-615	ul. Edmunda Knolla-Kownackiego
61-615	ul. Madziarska
61-615	ul. Morawska
61-615	ul. Perkuna
61-615	ul. Popiela
61-615	ul. Ruska
61-615	ul. Skwierzyńska
61-615	ul. Słubicka
61-615	ul. Swarożyca
61-615	ul. Tyrwacka
61-615	ul. Franciszka Włada
61-616	ul. Alzacka
61-616	ul. Andaluzyjska
61-616	ul. Aragońska
61-616	ul. Burgundzka
61-616	ul. Kastylijska
61-616	ul. Katalońska
61-616	os. Władysława Łokietka
61-616	ul. Lotaryńska
61-616	ul. Normandzka
61-616	ul. Prowansalska
61-616	ul. Sarmacka
61-616	ul. Sycylijska
61-616	ul. Toskańska
61-619	ul. Czarnucha
61-619	ul. Dworska
61-619	ul. Karpia
61-619	ul. Lechicka
61-619	ul. Naramowicka
61-619	ul. Sielawy
61-621	os. Kosmonautów
61-622	ul. Naramowicka
61-622	ul. Przełajowa
61-622	ul. Ugory
61-623	ul. Czapla
61-623	ul. Nadbrzeże
61-623	ul. Ugory
61-623	ul. Wilczak
61-624	os. Kosmonautów
61-625	ul. Czarna Rola
61-625	ul. Hawelańska
61-625	ul. Karbowska
61-625	ul. Kłosowa
61-625	ul. Pasterska
61-625	ul. Skotarska
61-625	ul. Słomiana
61-625	ul. Włodarska
61-625	ul. Ziarnista
61-625	ul. Żytnia
61-626	ul. Szelągowska
61-626	ul. Winogrady
61-627	os. Kosmonautów
61-628	os. Pod Lipami
61-628	al. Pod Lipami
61-629	os. Pod Lipami
61-629	al. Pod Lipami
61-631	os. Kosmonautów
61-631	ul. Skotarska
61-632	os. Pod Lipami
61-632	al. Pod Lipami
61-633	os. Pod Lipami
61-633	al. Pod Lipami
61-634	os. Pod Lipami
61-634	al. Pod Lipami
61-635	os. Pod Lipami
61-635	al. Pod Lipami
61-636	os. Pod Lipami
61-636	al. Pod Lipami
61-637	os. Pod Lipami
61-637	al. Pod Lipami
61-638	os. Pod Lipami
61-638	al. Pod Lipami
61-639	os. Kosmonautów
61-641	os. Kosmonautów
61-642	os. Kosmonautów
61-643	os. Zwycięstwa
61-644	os. Zwycięstwa
61-645	os. Zwycięstwa
61-646	os. Zwycięstwa
61-647	os. Zwycięstwa
61-648	os. Zwycięstwa
61-649	os. Zwycięstwa
61-650	os. Zwycięstwa
61-651	os. Zwycięstwa
61-652	os. Zwycięstwa
61-653	os. Zwycięstwa
61-654	ul. Kmieca
61-654	ul. Sołtysia
61-654	ul. Wójtowska
61-654	ul. Wyżyny
61-654	ul. Zagrodnicza
61-655	ul. Gromadzka
61-655	ul. Gronowa
61-655	ul. Murawa
61-655	os. Na Murawie
61-656	os. Powstańców Warszawy
61-657	ul. Pasieka
61-657	ul. Sadowa
61-658	ul. Pszczelna
61-658	ul. Warzywna
61-658	ul. Winna
61-658	ul. Wyżyny
61-659	ul. Romana Brandstaettera
61-659	ul. Winogrady
61-659	ul. Za Cytadelą
61-661	ul. Dożynkowa
61-662	ul. Dożynkowa
61-663	al. Armii Poznań
61-663	ul. Bastionowa
61-663	ul. Na Stoku
61-663	ul. Na Szańcach
61-663	ul. Pszenna
61-663	ul. Winogrady
61-663	ul. Za Cytadelą
61-663	ul. Żniwna
61-664	ul. Ozimina
61-664	ul. Słowiańska
61-664	ul. Starowiejska
61-664	ul. Zagonowa
61-666	ul. Owsiana
61-667	ul. Owsiana
61-668	ul. Zbożowa
61-671	ul. Aleksandra Hercena
61-671	ul. Napoleońska
61-671	ul. Nasienna
61-671	ul. Orna
61-671	ul. Wyłom
61-672	os. Wichrowe Wzgórze
61-673	os. Wichrowe Wzgórze
61-674	os. Wichrowe Wzgórze
61-675	os. Wichrowe Wzgórze
61-676	os. Wichrowe Wzgórze
61-677	os. Wichrowe Wzgórze
61-678	os. Wichrowe Wzgórze
61-679	os. Przyjaźni
61-679	ul. Kondratija Rylejewa
61-680	ul. Agatowa
61-680	ul. Ametystowa
61-680	ul. Anyżowa
61-680	ul. Arnikowa
61-680	ul. Bananowa
61-680	ul. Bazyliowa
61-680	ul. Berylowa
61-680	ul. Borówkowa
61-680	ul. Bursztynowa
61-680	ul. Burzowa
61-680	ul. Bylicowa
61-680	ul. Celichowskich
61-680	ul. Chmurna
61-680	ul. Cyrkoniowa
61-680	ul. Czekoladowa
61-680	ul. Deszczowa
61-680	ul. Dolna
61-680	ul. Drogocin
61-680	ul. Dzięgielowa
61-680	ul. Dziurawcowa
61-680	ul. Glinienko
61-680	ul. Glinno
61-680	ul. Gorczycowa
61-680	ul. Gradowa
61-680	ul. Granatowa
61-680	ul. Gryczana
61-680	ul. Halszki
61-680	ul. Hodowlana
61-680	ul. Huby Moraskie
61-680	ul. Inspektowa
61-680	ul. Janowo
61-680	ul. Franciszka Jaśkowiaka
61-680	ul. Jaspisowa
61-680	ul. Jemiołowa
61-680	ul. Karmelowa
61-680	ul. Kminkowa
61-680	ul. Knyszyn
61-680	ul. Kocankowa
61-680	ul. Koprowa
61-680	ul. Krwawnikowa
61-680	ul. Kryształowa
61-680	ul. Łagodna
61-680	ul. Laurowa
61-680	ul. Lebiodowa
61-680	ul. Baltazara Lewandowskiego
61-680	ul. Łopianowa
61-680	ul. Lubczykowa
61-680	ul. Łysy Młyn
61-680	ul. Mariampolska
61-680	ul. Melisowa
61-680	ul. Meteorytowa
61-680	ul. Miętowa
61-680	ul. Mirtowa
61-680	ul. Mleczowa
61-680	ul. Morasko
61-680	ul. Mroźna
61-680	ul. Nad Różanym Potokiem
61-680	ul. Nadwarciańska
61-680	ul. Nefrytowa
61-680	ul. Okolewo
61-680	ul. Opalowa
61-680	ul. Piołunowa
61-680	ul. Podbiałowa
61-680	ul. Polarna
61-680	ul. Poligonowa
61-680	ul. Radojewo
61-680	ul. Rdestowa
61-680	ul. Rubinowa
61-680	ul. Rumiankowa
61-680	ul. Rzewieniowa
61-680	ul. Sióstr Misjonarek
61-680	ul. Skrzypowa
61-680	ul. Słonecznikowa
61-680	ul. Śnieżna
61-680	ul. Spokojna
61-680	ul. Świetlikowa
61-680	ul. Szałwiowa
61-680	ul. Szczawiowa
61-680	ul. Szklarniowa
61-680	ul. Szmaragdowa
61-680	ul. Tatarakowa
61-680	ul. Topazowa
61-680	ul. Tymiankowa
61-680	ul. Umultowska
61-680	ul. Widłakowa
61-680	ul. Wiesiołkowa
61-680	ul. Wietrzna
61-680	ul. Złocieniowa
61-680	ul. Żywokostowa
61-681	os. Przyjaźni
61-682	os. Przyjaźni
61-683	os. Przyjaźni
61-684	os. Przyjaźni
61-685	os. Przyjaźni
61-686	os. Przyjaźni
61-687	os. Przyjaźni
61-688	os. Przyjaźni
61-689	ul. Księcia Mieszka I
61-689	os. Przyjaźni
61-691	ul. Lechicka
61-692	ul. Ignacego Dobrogojskiego
61-692	ul. Mikołaja Dobrzyckiego
61-692	ul. Leona Przyłuskiego
61-692	ul. Siewna
61-692	ul. Trójpole
61-693	ul. Bronowa
61-693	ul. Kaspra Drużbickiego
61-693	ul. Piątkowska
61-693	ul. Trójpole
61-693	ul. Wincentego Witosa
61-693	ul. Ksawerego Zakrzewskiego
61-693	ul. Krzysztofa Żegockiego
61-694	ul. Żołnierzy Lenino
61-695	ul. Armii Ludowej
61-695	ul. Batalionów Chłopskich
61-695	ul. Zygmunta Berlinga
61-695	ul. Adolfa Bnińskiego
61-695	ul. Stefana Grota-Roweckiego
61-695	ul. Hubalczyków
61-695	ul. Henryka Kowalówki
61-695	ul. Lechicka
61-695	ul. Obrońców Tobruku
61-695	ul. Jana Piekałkiewicza
61-695	ul. Macieja Rataja
61-695	ul. Michała Tokarzewskiego
61-695	ul. Zdobywców Monte Cassino
61-695	ul. Żołnierzy Narwiku
61-695	ul. Związku Walki Zbrojnej
61-696	al. Aleje Solidarności
61-696	ul. Serbska
61-697	ul. Połabska
61-697	os. Wichrowe Wzgórze
61-698	os. Wichrowe Wzgórze
61-699	os. Wichrowe Wzgórze
61-701	ul. Aleksandra Fredry
61-702	ul. Gwarna
61-703	ul. Gwarna
61-704	ul. Zygmunta Noskowskiego
61-705	ul. Zygmunta Noskowskiego
61-706	ul. Karola Libelta
61-707	ul. Karola Libelta
61-708	ul. Fryderyka Chopina
61-709	ul. Sporna
61-710	ul. Cicha
61-711	ul. Przepadek
61-712	park Henryka Wieniawskiego
61-712	ul. Henryka Wieniawskiego
61-713	pl. Niepodległości
61-713	al. Niepodległości
61-713	park Henryka Wieniawskiego
61-713	ul. Henryka Wieniawskiego
61-714	pl. Niepodległości
61-714	al. Niepodległości
61-715	ul. Tadeusza Kościuszki
61-716	ul. Tadeusza Kościuszki
61-717	ul. Stanisława Hejmowskiego
61-717	ul. Tadeusza Kościuszki
61-718	ul. Księcia Józefa
61-719	ul. Garbary
61-719	ul. gen. Tadeusza Kutrzeby
61-719	ul. Północna
61-721	ul. Na Podgórniku
61-722	ul. Ku Cytadeli
61-725	ul. Seweryna Mielżyńskiego
61-726	pl. Cyryla Ratajskiego
61-727	ul. Działyńskich
61-728	ul. 3 Maja
61-728	ul. Franciszka Ratajczaka
61-729	ul. Młyńska
61-730	ul. Młyńska
61-731	ul. Feliksa Nowowiejskiego
61-732	ul. Feliksa Nowowiejskiego
61-733	ul. Feliksa Nowowiejskiego
61-734	ul. Feliksa Nowowiejskiego
61-735	ul. Solna
61-736	ul. Stanisława Hejmowskiego
61-736	ul. Młyńska
61-736	ul. Solna
61-737	ul. 27 Grudnia
61-738	pl. Wolności
61-739	pl. Wolności
61-741	ul. 23 Lutego
61-742	ul. 23 Lutego
61-743	ul. 23 Lutego
61-744	ul. 23 Lutego
61-745	al. Aleje Karola Marcinkowskiego
61-746	pl. Wielkopolski
61-747	ul. Działowa
61-748	ul. Wzgórze św. Wojciecha
61-749	ul. Podgórze
61-749	ul. Święty Wojciech
61-751	ul. Bóżnicza
61-752	ul. Grochowe Łąki
61-753	ul. Piaskowa
61-754	ul. Szyperska
61-755	ul. Ewarysta Estkowskiego
61-756	ul. Małe Garbary
61-757	ul. Garbary
61-758	ul. Garbary
61-759	ul. Stawna
61-759	ul. Żydowska
61-760	ul. Dominikańska
61-760	ul. Szewska
61-761	ul. Żydowska
61-762	ul. Dominikańska
61-762	ul. Szewska
61-763	ul. Mokra
61-763	ul. Stawna
61-763	ul. Wroniecka
61-764	ul. Wolnica
61-765	ul. Kramarska
61-766	ul. Mokra
61-767	ul. Masztalarska
61-768	ul. Franciszkańska
61-768	ul. Góra Przemysła
61-768	ul. Zamkowa
61-770	ul. Ignacego Paderewskiego
61-771	ul. Murna
61-771	ul. Sieroca
61-772	ul. Stary Rynek
61-773	ul. Stary Rynek
61-774	ul. Wielka
61-775	ul. Wielka
61-776	ul. Woźna
61-777	ul. Woźna
61-778	ul. Ślusarska
61-779	ul. Gołębia
61-779	ul. Klasztorna
61-779	ul. Woźna
61-781	ul. Wodna
61-782	ul. Wodna
61-801	ul. Dworcowa
61-802	ul. Skośna
61-803	ul. Święty Marcin
61-804	ul. Święty Marcin
61-805	ul. Święty Marcin
61-806	ul. Święty Marcin
61-807	ul. Święty Marcin
61-808	pl. Stefana Stuligrosza
61-808	ul. Święty Marcin
61-809	ul. Święty Marcin
61-810	ul. Święty Marcin
61-810	ul. Wysoka
61-812	ul. 27 Grudnia
61-812	ul. Kazimierza Kantaka
61-813	ul. Franciszka Ratajczaka
61-814	ul. Franciszka Ratajczaka
61-815	ul. Franciszka Ratajczaka
61-816	ul. Franciszka Ratajczaka
61-817	ul. Garncarska
61-818	ul. Stanisława Taczaka
61-819	ul. Stanisława Taczaka
61-820	ul. Ogrodowa
61-821	ul. Ogrodowa
61-823	ul. Piekary
61-825	ul. Bolesława Krysiewicza
61-826	ul. Romana Szymańskiego
61-827	al. Aleje Karola Marcinkowskiego
61-828	ul. Podgórna
61-829	ul. Podgórna
61-831	pl. Wiosny Ludów
61-832	ul. Szkolna
61-833	ul. Szkolna
61-834	ul. Gołębia
61-835	ul. Kozia
61-837	ul. Wrocławska
61-838	ul. Wrocławska
61-840	ul. Świętosławska
61-841	pl. Kolegiacki
61-842	ul. Za Bramką
61-843	ul. Wszystkich Świętych
61-844	pl. Bernardyński
61-845	ul. Strzelecka
61-846	ul. Strzelecka
61-847	ul. Strzałowa
61-848	ul. Długa
61-848	ul. Strzelecka
61-849	ul. Długa
61-850	ul. Długa
61-851	ul. Zielona
61-853	ul. Wierzbowa
61-854	ul. Mostowa
61-857	ul. Łazienna
61-858	ul. Grobla
61-858	ul. Mostowa
61-859	ul. Grobla
61-859	ul. Za Groblą
61-860	ul. Za Groblą
61-861	ul. św. Marii Magdaleny
61-862	ul. Hipolita Cegielskiego
61-863	ul. Kazimierza Wielkiego
61-866	ul. Garbary
61-867	ul. Garbary
61-868	ul. Garbary
61-869	ul. Garbary
61-869	ul. Wodna
61-871	most Królowej Jadwigi
61-871	ul. Królowej Jadwigi
61-872	most Królowej Jadwigi
61-872	ul. Królowej Jadwigi
61-873	most Królowej Jadwigi
61-873	ul. Królowej Jadwigi
61-874	pl. Niepodległości
61-874	al. Niepodległości
61-875	pl. Niepodległości
61-875	al. Niepodległości
61-875	ul. Powstańców Wielkopolskich
61-876	ul. Karmelicka
61-877	ul. Łąkowa
61-878	ul. Łąkowa
61-878	ul. Strzelecka
61-879	ul. Łąkowa
61-880	ul. Mikołaja Kopernika
61-880	os. Mikołaja Kopernika
61-881	ul. Kwiatowa
61-882	ul. Kwiatowa
61-883	ul. Rybaki
61-884	ul. Rybaki
61-885	ul. Półwiejska
61-886	ul. Półwiejska
61-887	ul. Półwiejska
61-888	ul. Półwiejska
61-888	ul. Składowa
61-889	ul. Krakowska
61-891	ul. Tadeusza Kościuszki
61-892	ul. Tadeusza Kościuszki
61-893	ul. Krakowska
61-894	pl. Władysława Andersa
61-894	ul. Niezłomnych
61-895	ul. Powstańców Wielkopolskich
61-896	ul. Towarowa
61-897	ul. Składowa
61-897	ul. Edwarda Taylora
61-897	ul. Towarowa
